prediction, actual
थर्मेक्स,थरमैक्स
सिखाएगा,सिखाएगा
लर्न,लर्न
ट्विटर्स,ट्विटर्स
तिरुनेवलेली,तिरुनेलवेली
इंडेपडेंस,इंडिपेंडेंस
स्पेशियों,स्पेशियों
शुरूह,शुरूः
कोल्हापुर,कोल्हापुर
अझर,अजहर
करार,क़रार
अंका,अंक
वीपीडी,डब्ल्यूपीडी
हाशी,हाशिए
ग्लेंडले,ग्लेंडल
उधेद,उधेड़
एकठी,इकठ्ठी
आईडीआईए,आईडिया
अंबिकापुर,अम्बिकापुर
मकेरेरे,माकेरेरे
सबूदने,साबूदाने
फूहड़ता,फूहड़ता
सिक्वेंट,सेक्वेंट
शुएब,शुऐब
पैनहहीटी,पानीहाटी
समेतती,समेटती
उखरूल,उखरुल
ब्रह्मलिन,ब्रह्मलीन
उतराधिकारी,उतराधिकारी
इक्बाल,इक़बाल
दयालापुरा,दयालपुरा
सोहराई,सोहराई
तकरीबन,तक़रीबन
फर्रुखनगर,फर्रूखनगर
थेइंगा,ठेंगा
त्योइहरों,त्यौहारों
करनेश्वररधाम,कर्णेश्वरधाम
उमानाथ,उमानाथ
दांशिल,दानशील
साहित्योत्सव,साहित्योत्सव
शांतिनिकेतन,शांतिनिकेतन
शिकातार्ता,शिकायतकर्ता
अंदरखाने,अंदरखाने
पांटर,पंटर
लीडारों,लीडरों
गलगंड,गलगंड
कार्णियाँ,कार्नियां
मुर्गीपालन,मुर्गीपालन
मुशहिद,मुशाहिद
मोड्यूल्स,मॉड्यूल्स
राजौरी,रजौरी
सुश्रुशा,सुश्रुषा
शृंगार,शृंगार
हॉल्ट,होल्ट
लैगिकता,लैंगिकता
इजाजत,इजाजत
वनक्षेत्र,वनक्षेत्र
भुटाल,भूतल
स्वादप्रेमियों,स्वादप्रेमियों
निनेतिय,नाइनटीज
फ्रेक्तर,फ्रेक्टर
लिखकर,लिखकर
आयरकन्दीकरन,एयरकंडीशनर
नब्स,नब्ज़
क्यूएसए,कुएस
बोउनी,बौनी
कारगुजारियाँ,कारगुजारियां
गाँगनम,गांगनाम
तपिया,तापीया
तेज़ूर,तेज़पुर
तलवे,तलवे
सीमाई,सीमाई
दर्शनार्थी,दर्शनार्थी
रिवास,रिवास
तर्कवाद,तर्कवाद
अनुसारका,अनुसारका
कोचेला,कोचेला
लटाकाकर,लटककर
पत्रवलियां,पत्रावलियां
परिषद,परिषद
स्पिंज,स्पिन्ज
अंशीदा,अनशिदा
डेजेस,डिजीसस
सरायमहिद्दुन्द,सरायमोहिउद्दीनपुर
लॉवेल,लॉवेल
कैपेटिसर,कैपेसिटर
पेसेनजर्डिंग,पैसेंजरजींद
ग्रंथियों,ग्रंथियों
बुएना,बुएना
कैंटरबी,कैंटरबरी
काठीयावाड़ी,काठियावड़ी
टेकचंदानी,टेकचंदानी
फिसाद,फ़ीसद
बेरहरमी,बेरहरमी
निष्करषाह,निष्कर्षः
एक्टीविटीज,ऐक्टिविटीज
रिकैली्रेशन,रिकैलीब्रेशन
शसनाधिकारियों,शासनाधिकारियों
फिजोलखरची,फिजूलखर्ची
डबलूलीपीय,डब्ल्यूपीडी
पीसीई,पेस
दस्तार,दस्तार
केटलिन,कैटलिन
जोड़्ता,जोड़ता
किल्लत,किल्लत
गृह्नगर,गृहनगर
वंडर,वंडर
वटर,वाटर
श्विंग,श्विंग
पाष्टुन,पश्तून
फर्म,फार्म
दिबानु,डिबनू
पश्चमी,पश्चमी
उथापतक,उठापटक
निलाभ,नीलाभ
लैक्समीनियाँ,लक्ष्मीनियां
महानगरावासियों,महानगरवासियों
उपनेटा,उपनेता
कनवेंशन,कन्वेंशन
शर्प,शाॅर्प
कार्ययोजना,कार्ययोजना
मास,मास
वेस्टिंग,वेस्टिंग
कुरवती,कुर्वेती
ज्याड़ा,ज़यादा
मुकेश्वरी,मुकेश्वरी
श्रीमति,श्रीमति
विवेकाधिकों,विवेकाधिकारों
लोकसभावली,लोकसभावाली
कबहा,कबहा
भ्रांतियों,भ्रांतियों
विवेकहीन,विवेकहीन
बालमिकी,बाल्मीकि
हरयाना,हरयाणा
जीवराज,जीवराज
फ़्लाइन,फ्लिन
राना,राणा
विष्णुपुरा,विष्णुपुरा
घोटालेबाजों,घोटालेबाजों
हैरेटनेज़,हैरतअंगेज़
टकलीपेड,तकलीफ़देह
पीपाढ़,पीपाड़
धभाशरा,धभाशारा
अंत्डियां,अंतडियां
रोबिन,राबिन
सिंगर,सिंगार
गुमशुदगी,गुमशुदगी
बालकृष्ण,बालकृष्ण
फ्बती,फब्ती
पलटने,पलटने
लहलहाती,लहलहाती
नागाड़ा,नगाड़ा
उदनें,उड़ानें
क्लेन,क्लेन
जुलूस,जूलूस
कार्यभर,कार्यभार
मांतो,मंटो
पैमाश,पैमाइश
कोविना,कोविना
पेनशान,पेंषन
गगस्टैस्वालेंड,ऑगस्टावेस्टलैंड
सेन््रिंग,सैंट्रींग
एक्टिवा,ऐक्टिवा
बारकेर,बार्कर
वालकन,वल्कन
व्रूटन,वृत्तों
कडबड़ी,कबड्डी
रौनख,रौनक़
केटलिन,कैटलिन
फूस,फूस
जंगड़ा,जनगणना
उपख्यानों,उपाख्यानों
सुंदराम,सुंदरम
कोचिन,कोचीन
नेको,नेको
कौशल,कौशल
फलिया,फालिया
असीवोडो,एस्वेडो
कोट्टाम,कोट्टयम
दिलाएगा,दिलाएगा
कुर्वी,कर्वी
सौनपेंगी,सौंपेंगी
लेखान,लेख़न
गुडेपू,गुडेपु
फररेस,फरसे
नुबिया,नूबिया
ताजा,ताजा
आंत्रित,आंत्रित
क़ाज़ी,काजी
मुर्गीपालन,मुर्गीपालन
एडी,एड्डी
नागिन,नगीने
सुभा,सुब्हा
लुइस,लुइस
विजयपुरम,विजयापुरम
बटाओ,बताअाे
ऊचो,ओकोआ
साइंस,साइंस
सारकें,सरकारें
ब्रेमर्न,ब्रेमटन
गुरुपादो,गुरुपदो
संयुक्त,संयुक्त
रालोड,रालोद
बाधाओं,बाधाओं
गौमुत्र,गौमूत्र
सभाएं,सभाएं
तनी,तनी
देल्ही,दिल्ली
सुकेन,सुजेन
विनीत,विनीत
चिमते,चिमाते
किकियाना,किकियाना
रॉकेट,र<unk>केट
मैक्सवेल,मैक्सवेल
हिप्पो,हिप्पो
दीपन,दीपन
अर्यमा,अर्यमा
भुलता,भूलता
कर्माचरी,कर्माचारी
दुर्गापुर,दुर्गापुर
त्रिभाषा,त्रिभाषा
सूदखोरों,सूदखोरों
प्रस्तावों,प्रस्तावों
सरविन,सुरवीन
प्राप्ति,प्राप्ती
गिर्वासियों,गिरिवासियों
साइड्यूसिंग,सिडयूसिंग
वेलवेट,वेलवेट
मुकररार,मुक़र्रर
बैक्सटर,बैक्सटर
डिनियर,डेनिअर
सीवी,सीडब्ल्यू
उठानी,उठनी
घासी,घासी
इकट्ठा,इकट्ठा
भूपसिंह,भूपसिंह
डबोचने,दबोचने
क्रोस्बी,क्रॉस्बी
नामीगिरामी,नामीगिरामी
हर्ले,हर्ले
जरदा,जर्दा
लिएपराधनममारी,लिएप्रधानमंत्री
भ्रांटी,भ्रांति
एगेन्सियों,ऐजेंसियों
बागो,बागो
फोर्सी,फारसी
बोसान,बोसान
कार्की,कार्की
गिनटे,गिनते
मनोकामाओं,मनोकामनाओं
संम्पट्यियां,संम्पत्तियां
पोलीथीनों,पॉलिथीनों
मटेके,एमटेक
परिचार,परिचर
बदबदी,बडबडी
क्रेन,क्रेन
लामियाँ,लामियां
उल्हासनगर,उल्हासनगर
प्रभानमंत्री,प्रभानमंत्री
शिवालापूरवा,शिवालापुरवा
फर्थ,फर्थ
सुहागीन,सुहागिन
सराइकेला,सरायकेला
रोमिविल,रोमियोविल
राजसंथवासियों,राजस्थानवासियों
प्रतिराधात्मक,प्रतिरोधात्मक
स्वर्णिका,स्वर्णिका
व्यवस्थापना,व्यवस्थापना
टेल,तेल
गालतफ्मी,ग़लतफ़हमी
टैकिन्साइडर,टेकइनसाइडर
माइक्रोफाइबर,माइक्रोफाइबर
श्रीमहपूर्ण,श्रीमहापूर्ण
फल्लुजा,फ़ल्लूजा
डोनलड्सन,डोनल्डसन
चढ़ने,चढ़ने
जीवविज्ञानियों,जीवविज्ञानियों
क्रिकेटिंग,क्रिकेटिंग
रेडक्शन,रिडक्शन
अवाजेेन,आवाज़ें
व्लाद,व्लाद
प्राथमिक,प्राथमिक
थेंगा,ठेंगा
एक्सेल,एक्सेल
चटकाते,चटकाते
कुबुद्दीन,कुबुद्दीन
ताज़ा,ताजा
पदनी,पड़नी
निचाई,नीचाई
वाउसाउ,वौसौ
आलोचकों,आलोचकों
जलजाले,ज़लज़ले
सुरत,सूरत
जीवती,जीवति
प्रहराक,प्रहारक
श्रीसदगुरू,श्रीसद्गुरु
संचालनों,संचालनों
भल्,भाल
तुघलाक,तुगलक
उथापतक,उठापटक
हस्तान्तरानी,हस्तांतरणीय
उत्सावर्द्धन,उत्साहवर्द्धन
संगोष्ट्री,संगोष्ट्री
शासंधाकिरियों,शासनाधिकारियों
महाधिपतियों,महाधिपतियों
फटीमा,फातिमा
फोड,फोड़े
कांतिन्यू,कंटिन्यू
कामनाएं,कामानाएं
चुटिले,चुटीले
संख्याएँ,संख्याएं
क्रांज,करंज
बरसता,बरसाता
परिकल्पित,परिकल्पित
हरपाल,हरपाल
माओंत,माऊंट
ग्रॉवर,ग्रोवर
बायोलाइजिस,बायोलॉजिस्
हलिसाहर,हालिशहर
अंगेलो,एंजेलो
जेनुधरी,जनेऊधारी
बिचबाचाव,बीचबचाव
पोकर,पोकर
अपवर्तित,अपवर्तित
आस्तिन,आस्तीन
प्रतिष्ठावाले,प्रतिष्ठावाले
बुएनेवेंूर,ब्युनावेंचुरा
डेकैन,डेक्कन
सेरिव,सेरिव
परदा,पर्दा
एमाइल,एमिल
शैली,शैली
ईस्टवाले,ईस्टवेल
छल्ला,छल्ला
लक्ष्यों,लक्ष्यों
होआफ,हॉफ
जरूरीह,जरूरीः
राह्य,रह्या
महकने,महकने
देवी,देवी
नियलसेन,नील्सन
भीरा,भीरा
चबूतरे,चबूतरे
भूषण,भूषण
रुक्ते,रुकते
आमदनी,आमदनी
ताल्क्षोव,टॉकशो
जुनागढ़,जूनागढ़
पढ़ता,पढ़ाता
ओधाकर,ओढ़कर
ब्रोक,ब्रोक
तलाशा,तलाशा
परिवारवाले,परिवारवाले
ट्रॉब्युनल,ट्रिब्यूनल
ब्रॉक,ब्रोक
यल्लाप्पा,यल्लाप्पा
तस्वरों,तस्वारों
तुगालकी,तुगलकी
पीआईसीके,पिक
सर्क्युलेशन,सर्किलेशन
जवरर,ज्वार
कनिंधम,कनिंघम
कुश,कुश
प्रोपरबैजसस,प्रॉपरफेसबुक
आश्रफी,अशरफी
चढ़ें,चढ़ें
वांगचुक,वांगचुक
होनीवेल,हनीवेल
राडियधमररी,रेडियमधर्मी
लढेगे,लड़ेगे
सच्न,सचन
अर्थस्थेश्रियों,अर्थशास्त्रीयों
केन्टन,कैंटन
आत्माुग्ध,आत्ममुग्ध
पोंटियक,पॉन्टिएक
लोपेज,लोपेज़
घोंटना,घोंटना
अंबानी,अम्बानी
मर्यादां,मर्यादाओं
रतलाम,रतलाम
हर्क्यूलस,हरक्यूलिस
अकोला,अकोला
सक्षन,सक्शन
नोटबंदीशूद,नोटबंदीशुदा
लगावती,लगवाती
अलिव,अलाइव
जीवंत,जीवंत
फोडा,फोड़ा
फटही,फटही
नूबिया,नूबिया
लालमीनी,लालमणी
फैसाला,फ़ैसला
क्रुट्या,कृत्या
धुआन,धुआं
अहुजा,आहूजा
प्रतिपालपुर,प्रतिपालपुर
नामकीन,नमकीन
मांजीलेन,मंजिलें
लफ़ाजी,लफ्फाजी
जुराब,जुराब
फुलाए,फुलाए
कैस्टेलो,केस्टालॉय
ब्लैक,ब्लैक
सूराज,सूरज
ब्रॉन्च,ब्रॉन्च
अवर्णता,अवर्णता
जोहरी,जोहरी
तेवरी,तेवरी
सैंडर्स,सेंडर्स
वेल्डर,वेल्डर
एनीयू,एनईयू
भरर्तशारायियों,भरष्टाचारियों
लालमीनी,लालमणी
खातेदार,खातेदार
आज़ाना,आजमाना
आवृत्तियों,आवृत्तियों
कुल्लवी,कुल्लवी
बहावलपुर,बहावलपुर
प्राथमिकता,प्राथमिकता
मोबिले,मोबाइल
कटीहर,कटिहार
स्वेचा,स्वेच्छा
हामिदन,हामिदन
संधर्श्नि,समदर्शिनी
दृध,दृढ़
गॉन्ड,गोंद
विशेष,विशेश
काबीलीगोर,काबिलेगौर
लॉरेनसे,लौरेंस
हिशम,हिशाम
चौसिंगा,चौसिंगा
पफीन,पफिन
मेटे,मेट
बुइडक्कॉन,बिल्डकॉन
टीकों,टीकों
अठक,अथक
जिंदगी,जिदंगी
चायल,चायल
माप,माप
लास्ट,लास्ट
गजरा,गजरा
रतरीचार,रात्रिचर
कठठला,काथला
सहूलियता,सहूलियत
पट्टनेक,पटनायक
न्यायलयीन,न्यायालयीन
मुख्यमंत्रियों,मुख्यमंत्रियाें
जीतनेवालों,जीतनेवालों
स्वाफोटो,स्वफ़ोटो
क्लिफ्टन,क्लिफ्टन
डोडा,डोडा
पेंडुलम,पेंडुलम
चिपाकने,चिपकने
नालासा,नलकसा
छ्ह,छह
गॉन्ड,गोंड
समीक्षारकता,समीक्षाकर्ता
मंत्रीपद,मंत्रीपद
लाइबेशन,लिब्रेशन
असमान्य,असमान्य
चुंगियों,चुंगियों
अरीका,एरिका
बालोट,बेलोट
थिन,थींं
फोर्मिक,फार्मिक
युद्धक,युद्धक
वेगास,वेगास
लैस,लास्ट
चित्रांशी,चित्रांशी
अवरंता,अवर्णता
वास्टिंग,वेस्टिंग
वितार्क,वितर्क
मुकाबाले,मुकबाले
धर्मपूर्वी,धर्मपूर्वी
आम्बानी,अंबानी
इबीजा,इबीजा
महामेडिया,महामीडिया
सुज़ों,सुज़लोन
वर्णित,वर्णित
झुठलने,झुठलाने
मदुराई,मदुरई
कौंडल,कौण्डल
लपट्टा,लापत्ता
क्षिण,क्षीण
तेवरी,तेवरी
रायचूर,रायचूर
लिंडोन,लिंडन
पुलामा,पुलमा
ओलराउंडर,ऑलराउंडर
गरीबों,ग़रीबों
कैलैन,कालाहान
वाबाग,वाबाग
कैधधरी,कैपधारी
अट्टा,आटा
बरेली,बरेली
जिंग,जिंग
जीवन,जीवन
रेडी,रेड्डी
पहही,पहनी
ताणु,तनु
दीपिका,दीपिका
लोहाती,लोहाती
काक्ड,कक्कड़
मौलवियों,मौलवियों
डुंगरपुर,डूंगरपुर
ज़ालना,झालाना
लकमे,लक्मे
प्रॉस्पेक्टस,प्रोस्पैक्ट्स
वेस्टिंघो,वेस्टिंगहाउस
बावारा,बावरा
तक्कर,ठक्कर
इच्छाछारी,इच्छाचारी
त्रिया,त्रिया
धावकों,धावकों
डमले,दामले
श्रवणेेलोगला,श्रवणाबेलागोला
निलकमल,नीलकमल
कर्मचारी,कर्माचारी
पूर्वततर,पूर्वाेत्तर
लेहरायी,लहराई
हैतो,हैतो
प्रकांध,प्रकाण्ड़
खेलमंत्री,खेलमंत्री
भविष्य,भविष्य
एगमोर,एगमोर
शृंगर,शृंगार
सौपेंगी,सौंपेंगी
क्नॉक्सविल,नॉक्सविल
बेंडर,बेंडर
सुंदराम,सुंदरम
प्रदेश,प्रदेश
संवेदीकरण,संवेदीकरण
लगुना,लगुना
भिषाम,भीष्म
येम्मीगानुर,येम्मिगनुर
हुह्तामकी,हुहतमाकी
वडली,वडाली
जीएआईएल,गेल
रेस,रेस
सालाजार,सालाज़र
डिफथेरिया,डिप्थीरिया
द्रध,दृढ़
शदाधी,शदधि
प्रबोधिनी,प्रबोधिनी
लोकप्रतिधियों,लोकप्रतिनिधियों
जतती,जताती
मंगला,मंगला
बर्विन,बर्विन
मुम,मम
उडयागढी,उदयगढ़ी
आकापूलको,अकापुल्को
वैध्रुति,वैधृति
चाणबबद्ध,चरणबद्घ
मण्डाी,मनदड़ी
युक्लिड,यूक्लिड
पारमपरिकता,पारंपरिकता
हफते,हांफते
सथिया,साथिया
संघियता,संघीयता
मुख्यातीयों,मुख्यअतिथियों
व्यावस्वारिरोधी,व्यवस्थाविरोधी
रक्तदाताओं,रक्तदाताओं
बरामदे,बरामदे
तरतूतल,तरुतल
कुट्टा,कुत्ता
झाड़ा,झाड़ा
किशुन,किशुन
सैफेलर,स्कैफ़लर
अमरोही,अमरोही
रेडिकल,रैडिकल
जेन्नर,जेनर
वर्षिय,वर्षिय
हसीनो,हसीनों
शावकों,शावकों
रुपा,रूपा
स्वार्थपरक,स्वार्थपरक
वेरोनिका,वेरोनिका
वेब,वेब
महापत्रा,महापात्रा
चेंकेन,छींके
आग्रा,अग्र
जियांगकू,जियांगकोऊ
वेस्टवर्क,वेस्टवर्क
जागन्ना,जनगणना
पैस्को,पास्को
जढ़व,जाधव
एंटरप्राइज,एंटरप्राइज
संशयों,संशयों
वर्णवव्यववसावादियों,वर्णव्यवस्थावादियों
उपस्थियों,उपस्थियों
मुडिचू,मुडिचु
पर्नस्तरों,पर्नस्टारों
आईए,ईए
बैला,बैला
लिवाल,लिवाल
हिलस्बोरो,हिल्सबोरो
राष्ट्रीयक्ष्य,राष्ट्रियाध्यक्ष
पीडडब्लयूटी,पीडब्ल्यूटी
थाउंसद,थाउजेंड
शाकिर,शाकिर
सहलहकर,सलाहकार
विश्वकर्मा,विश्वकर्मा
रिड,रिज
स्वास्थ्यहनेता,स्वास्थ्यहीनता
रिश्वतखोर,रिश्वतखोर
प्रावविंस,प्राविंसेस
दफ्तरवाले,दफ्तरवाले
फिजीसियन,फिजिशियन
लोग,लोग
जोधिका,जोधिका
सेवाला,सेवाला
दूबत,डूबत
सिपाह,सिपाह
भरमा,भरमा
प्रतिज्ञा,प्रतिज्ञा
मेघवाल,मेघवाल
नंदोई,नंदोई
औरोरा,ऑरोरा
फार्मूले,फार्मूले
दुर्घना,दुर्घटना
स्वात्तस्रिंह,स्वतंत्रसिंह
मोंटेरी,मोंटेरे
बाल्टी,बाल्टी
कोलंबिया,कोलंबिया
भ्विटीयर,व्हिटियर
डुक्के,दुक्के
क्यूकेक,क्यूबेक
चमकना,चमकना
शीलभाग,शीलभंग
बिस्टोगन्ड,बिस्तागोंड
फिंडले,फाइंडले
बपा,बापा
देहरा,देहरा
एआईएसई,ऐसे
श्रांखाला,श्रंखला
हस्ताक्षरों,हस्ताक्षरों
तिरुपति,तिरुपति
मंगलमूर्थिह,मंगलमूर्तिः
कुर्सियों,कुर्सियों
मिठाईयाँ,मिठाइयाँ
पहनो,पहनो
हैलेबिद,हैलबिड
बांगश,बंगश
ऑफिसियली,ऑफिशियली
सेवाई,सेंवई
गुरजर,गुर्जर
सांवायका,समन्वयक
परनेल,पार्नेल
सुनसन,सूनसान
सुकेक्स,क्यूसैक्स
मध्य,मध्य
युध्रत,युद्धरत
उरबंदले,अर्बनडेल
ब्रिग्स,ब्रिग्स
एरोर,एरर
चिखाली,चिखली
वाँ,वाण
अधिकारियाँ,अधिकारियां
रोआनेक,रोनोक
होकिप,हाओकिप
पूर्वेपेक्षाओं,पूर्वापेक्षाओं
मशीनावत,मशीनवत
कदमो,कदमो
कुरामी,कुरमी
विद्याथ्यों,विद्याथयों
सिम्ता,सिमटता
सांगरूर,संगरूर
स्ट्रॉन्गविज़ल,स्ट्रोंगस्विल
अगवाई,अगवाई
जंगन,जनगन
नाराज,नागराज
यरियां,यारियां
भाग्येश्वर,भाग्येष्वर
जीवती,जीवति
सुदखोरों,सूदखोरों
रुक्वाकर,रुकवाकर
ब्रह्मवर्ता,ब्रह्मवर्ता
ग्रे,ग्रे
भ्रांती,भ्रांति
पूरोष्तोपमूर,पुरूषोत्तमपुर
तेजी,तेजी
स्वान,स्वातं
मंतरीमंडलीय,मंत्रिमंडलीय
अश्ले,एशले
मैथेव,मेथिव्स
मूलों,मूलों
अकजो,एक्ज़ो
हमीरपुर,हमीरपुर
पोखरियाल,पोखरियाल
बॉलटीन,बोलतीं
प्रतिष्ठववले,प्रतिष्ठावाले
दाबंगता,दबंगता
धुरीया,धुरिया
टीअप,टिप
गज़ी,गाज़ी
इजाजत,इजाजत
मेजबानी,मेज़बानी
टोलेडो,टोलेडो
मोहधा,मोहड़ा
पुत्ती,पुतली
संचारी,संचारी
टापनी,टापनी
लिट,लिटिल
नरनारी,नरनारी
धनिये,धनिये
गढ़ूँगा,गाड़ूँगा
फादी,फाड़ी
गम्मत,गम्मत
टब्युकरलसिस,ट्यूबरक्यूलोसिस
नागरूना,नागार्जुन
राजनीची,राजनीचि
मेडिजेनस,मेडिजेन्सर
लाफफाजी,लफ्फाजी
कमर्से,कॉमर्स
माठलू,माथलू
चटागांव,चटगांव
हिलिग,हीलिग
इनस्पेक्टर,इस्न्पेक्टोर
टेस्टिंग,टेस्टिंग
नौशद,नौशाद
फल्लुजा,फ़ल्लूजा
पीआईके,पिक
जीवान,जीवन
कटाल,कताल
डब्लीयूफ,डब्ल्यूईएफ
बेसिल,बेसिल
स्लिडोन,स्लाइडों
सैंदन,सैंदान
जेरेमी,जेरेमी
गाँव,गॉंव
टोडेंगे,तोड़ेंगे
उड़ान,उड़ान
सप्त्रकांती,सप्तक्रांति
मिरंदा,मिरांडा
व्यापक,व्यापक
मड्डी,मैडी
सभासादों,सभासदों
नौवाहन,नौवहन
अटाएन,आत्माएं
रोसा,रोज़ा
दमाए,दमाए
मिडवेस्ट,मिडवेस्ट
ट्रेलाराह,ट्रेलरः
मर्लबोरो,मालबर
वैको,वाको
विमर्शों,विमर्शों
खा,खान
दिफारर्ड,डिफरर्ड
सरसा,सरसा
हेस्टर,हेस्टर
उत्तर,उत्तर
कासेरा,कसेरा
कुराने,कुरआने
दयित्वों,दायित्वों
छानितों,चयनितों
मोरेल्स,मोराल्स
हेरोस,हीरोज
प्रेमामूलक,प्रेममूलक
मोरान,मोरन
ज़ायद,ज़ाइडस
नेलसन,नेल्सन
अमरपाल,अमरपाल
फटने,फटने
टिंका,टिंका
गायिकाओ,गायिकाओ
पाकें,पकाएं
भ्रष्टाचारियों,भ्रष्टाचारीयों
चलित,चालित
एफएलएल,एफल
मोड,मॉड
राजनीतिकारों,राजनीतिकारों
आर्थोन,अर्थों
गालीगौलज,गालीगलौज
अन्योन्याश्रिता,अन्योन्याश्रितता
उदया,उडाया
कुटलरी,कटलरी
प्रतिबंदः,प्रतिबन्धः
नीलाभ,नीलाभ
बिलाए,बिलाई
खुल्लमुखखाला,खुल्लमखुल्ला
स्वांसों,स्वानसन
अनवाहार्य,अन्वाहार्य
रेवारी,रेवाड़ी
शाहकललकर,सहकलाकार
चैंपियशपिप,चैंपियनशिप
भड़काया,भड़काया
नमधारी,नामधारी
अल्बा,अल्बा
वातनूकूलन,वातानुकूलन
खात्धारक,खाताधारक
टेक्सा,टेक्सस
स्पेशियल,स्पेशल
हरवंश,हरवंश
दीनू,दीनु
शनिवार,शनिवार
डी,डीई
ड़ीबी,डाबी
नहीनकरवाए,नहींकरवाई
मारवाद,मारवाड़
पीडियों,पीड़ियों
ब्रिटन,ब्रिगटन
एमएनई,मनाए
लीगार,लिगर
दिलागा,दिलाएगा
आधीन,आधीन
परवा,परवा
हेम्पस्टेड,हेम्प्सटेड
ममूली,मामूली
प्रदेशिका,प्रदेशिका
वेरिफिकेशन,वैरीफ़िकेशन
फेफाडा,फेफड़ा
विसंगतिया,विसंगतिया
कचछे,कच्छे
घोस्ट,घोस्ट
पिपली,पिपली
लववासा,लवासा
हेल्पर,हेल्पर
डूबनेवाले,डूबनेवाले
बख्शने,बख्शने
इन्द्रयोंके,इन्द्रियोंके
बरहड़,बरहद
रिसाली,रिसाली
काक्षीवती,काक्षीवती
विश्वरर्त,विश्वरक्त
लोडी,लोदी
छाच्ट्री,पीचट्री
घुमक्कों,घुमक्कड़ों
ओझा,ओझा
इलाज,इलाज़
अरुणाई,अरुणाई
आयोध्यनेथ,अयोध्यानाथ
भौटिकवादियों,भौतिकवादियों
रोकेट,र<unk>केट
न्यूरोकिमिट्री,न्यूरोकेमिस्ट्री
कॉल्डवेल,काल्डवेल
आवाजेें,आवाज़ें
मूल,मूल
मल्टीप्लेक्सन,मल्टिप्लेक्सों
त्योइहार,त्यौहार
रोटेशन,रोटेशन
बेलाचा,बेलचा
सहकलाकर,सहकलाकार
जड़त,जड़ित
नगारा,नगाड़ा
बरपाया,बरपाया
डूँगरपुर,डूंगरपुर
लैंड,लैंड
उच्छरंचुछाता,उच्छृंखलता
फैलैया,फैलाइए
सुची,सूची
नून,नून
आरपी,आरपी
शिल्ड,सील्ड
पलंपुर,पालनपुर
इलेक्ट्रोस्टील,इलेक्ट्रोस्टील
ओब्स्क्यूएरएसा,ऑब्स्क्योरा
सिग्रेटन,सिगरेटों
दिखाई,दिखाईं
रुसेल,रसल
नज़रनदाज़,नजरंदाज
कुआलमपुर,कुआलालंपूर
आस्टिन,ऑस्टिन
रेडक्रास,रैडक्रास
टीसीएनएस,टीसीएनएस
स्वायत्स्सन,स्वायत्तशासन
मूद,मूड
दौलताबाद,दौलताबाद
भुल्टा,भूलता
प्रतिकारा,प्रतिकारा
नाइट्स,नाइट्रस
नकाम,नाकाम
श्टिंग,शुटिंग
राष्ट्र,राष्ट्रा
बेचकर,बेचकर
स्टोन,स्टोन
वरधा,वर्धा
डिडडब्यूलीटी,डीडब्ल्यूटी
देसाबथूला,देसबथुला
बापा,बापा
बघबाँ,बाघबान
आदेशाह,आदेशः
उदेलकर,उड़ेलकर
तर्को,तर्कों
याद्दश्त,याद्दाश्त
इन्हेलेशन,इनहेलेशन
सफ्रदगंज,सफरदगंज
रूपक,रूपक
स्क्रैंटन,स्क्रेनटन
वर्णवव्यसाववास्यान,वर्णव्यवस्थावादियों
शिक्षार्मियों,शिक्षाकार्मियों
खंडेलवाल,खंडेलवाल
बेवरेजेज,बेवरेजेस
पिडिया,पीडिया
नदीफ,नदफ
जेहे,जेहे
ढहाएँगे,ढहाएँगे
मस्तमौला,मस्तमौला
अगरताला,अगरतला
जमया,जमाया
परदेसी,परदेसी
आर्या,आर्यों
वेल्वेट,वेलवेट
आपदाएँ,आपदाएं
आगाशे,आगाशे
अच्ची,अच्छी
उद्घोष,उदघोष
स्वाभावः,स्वभावतः
बनी,बानी
रायकर,राइकर
पिडिलाइट,पीडीलाइट
दुआल,ड्युअल
भीरा,भीरा
सिल्वा,सिल्वा
अधिकरण,अधिकरन
रंगकता,रंजकता
श्रिचक्र,श्रीचक्र
गौवमुत्र,गौमूत्र
निचला,निचला
बुरहनपुर,बुरहानपुर
सहूलियता,सहूलियत
लब्ध,लब्ध
पूले,पूल
स्ट्रेशन,स्ट्रेशन
पाईकिंग,पीकिंग
ओडितार,ऑडिटर
डेनियर,डेनिअर
अजित,अजित
लांगडों,लैंगडन
अवशिष्त,अवशिष्ट
झा,झ
प्रश्नििक,प्रशासनिक
बॉसियर,बोसीयर
बाधाचाधाकर,बढ़ाचढ़ाकर
गिरीडीह,गिरिडीह
भुज,भुज
रीडिंग,रीडिंग
फवारे,फव्वारे
अद्वैत,अद्वैत
रुकते,रुकते
अनोंदिता,अनोंदिता
फोंटाना,फोंटाना
न्यूत्रियो,न्यूट्रियो
पैलोटों,पायलटों
जादेन,जड़ें
बोरीवाली,बोरीवली
इलैची,इलाइची
एलिएनस,एलियंस
धम्मा,धम्मा
नहरगढ़,नाहरगढ
एनएसआईयू,एनएसआईयू
सपात,सपाट
लेंगडन,लैंगडन
पनामा,पनामा
पुटले,पुतले
आसापास,आसापास
अलवाढी,अल्वधि
मुफालीसी,मुफलिसी
संसथान,संसथान
दर्शनार्थी,दर्शनार्थी
लोकोत्सव,लोकोत्सव
ग्राहकोने,ग्राहकोंने
उच्चाधिकारियो,उच्चअधिकारीयो
भाव,बहाव
रेजा,रेजा
मोथर्सन,मदरसन
कुपलैक्स,काॅप्लेक्स
आबूरोद,आबूरोड
हेइडल्ेर्जेट,हैडलबेर्गसिएट
चिमती,चिमटी
सरफाकेट्स,सर्फेकटेंट्स
मिटाओ,मिटाओ
कैलना,कायलाना
टंकर,टंकार
ओधकर,ओढ़कर
मर्ता,मेड़ता
मेगवाल,मेगवाल
रसस्यिक,रसायनिक
सूचनाह,सूचनाः
सुगमता,सुगमता
जोकी,जोकि
मुनाफ,मुनाफ
निस्वार्थ,निस्वार्थ
क्षेत्रवाद्रा,क्षेत्रद्वारा
महावर,महावर
बुलधाना,बुलढाना
धामकता,धमकाता
भुसवमी,भूस्वामी
विज्ञान,विज्ञान
क्यूटे,क्यूट
बेवकुफना,बेवकूफाना
जजमऊ,जाजमऊ
बेल्ट्रन,बेल्ट्रान
विलास,विलास
मखखमपुर,मखदुमपुर
कोलोराडो,कोलोराडो
ब्लैकबर्न,ब्लैकबर्न
सुनिती,सुनीति
घिघघी,घिग्घी
फ्लैवाउनिड्स,फ्लेवनाइड्स
चहुन्मुखी,चहुंमुखी
सुपाच्ये,सुपाच्य
सिरती,सिरती
विष्णु,विष्णु
चौडहवन,चौदहवां
चौधरी,चौधरी
एब्रू,आबरू
बालुरक,बलुरक
दवंगेरे,दावणगेरे
अनुरित,अनुरीत
शिपिंग,शिपिंग
पटियाला,पटियाला
जानम,जानम
फाइनेंशल,फाइनेंसियल
डमाए,दमाए
पोलिसी,पालिसी
आईसीसी,आइसीसी
कुच्छ,कुच्छ
चीखना,चीखना
रिलाएंस,रिलायंस
उर्वररकों,उर्वरकों
रवाल,रवैल
लढढकियों,लड़कियो
मुकेश्वरी,मुकेश्वरी
वांक्षेत्र,वनक्षेत्र
उम्मीदे,उम्मीदे
कहावः,कहावह
कांतीपूर्ण,कांतिपूर्ण
बदाएं,बड़ाएँ
इन्सीडरल्यीजी,एनसीआरडब्ल्यूसी
प्रतिबद्धता,प्रतिबद्धाता
फोलोव,फ़ॉलो
सेवामुक्ता,सेवामुक्त
ऐवनस्तों,इवान्स्टन
चारों,चरस
हिल्स,हील्स
रोबर्तन,रॉबर्टसन
भदौरिया,भदौरिया
ग्लैक्सोमिथकललेन,ग्लैक्सोस्मिथक्लीन
प्रॉडक्टन,प्रॉडक्टों
गुएवरा,गेवारा
विज्ञानों,विज्ञानों
जरविस,जार्विस
लेफ,लफ्ज
फॉंट,फॉन्ट
परधीन,पराधीन
शक,शक़
गंझू,गंझू
डीआईटी,डिट
डनप्तियों,दंपतियों
माधिखेड़ा,माड़ीखेड़ा
प्रतिष्ठानों,प्रतिष्ठानोंं
सूंद,सूंड़
जिनटे,गिनते
अलागल,अलगअलग
स्वास्तिकार,स्वास्तिकाकार
प्रतिकरा,प्रतिकारा
आस्तिक,आस्तिक
निवेशकर्ता,निवेशकर्ता
सवल,सवाल
संस्कृतियां,संस्कृतियां
रौबदार,रौबदार
रघुराम,रघुराम
इंतराव्यु,इंटरव्यु
छरहरी,छरहरी
साव्यर,सॉयर
भासापा,भासपा
ज्वारों,ज्वारों
संस्थिता,संस्थिता
परश्दों,पार्षदों
पुलतस्कर,पुलत्स्कर
उठाएँगे,उठाएँगे
लांगी,लाएंगी
ईईफ,ओईएफ
वल्साद,वलसाड
मुलों,मूलों
पुटलियां,पुतलियां
श्मिल,शमिल
रिग्स,रिग्स
कैमरिलो,कैमेरिलो
सफलता,सफ़लता
विनाष्ट,विनष्ट
कपिंग,कपिंग
जयललिथा,जयललिता
आईटीएमएस,आइटम्स
साईसर,सॉकर
अस्फल्ट,एस्फाल्ट
मेहरोत्रा,मेहरोत्रा
चुने,चुने
ज़रख,जरख
मेजबानी,मेज़बानी
मुफलीसी,मुफलिसी
लुना,लूना
वर्णवव्यसववासादिया,वर्णव्यवस्थावादियों
लिपाई,लिपाई
उठनी,उठनी
बजज,बजाज
हिसराह,हिसारः
दंपतियों,दंपतियों
वाटसन,वॉटसन
अगुस्टीस्टीन,अगस्टाइन
पताक्षेप,पटाक्षेप
धंधेखोरी,धंधेखोरी
उभ्रेगा,उभरेगा
अंतों,एंटोन
अपर्दर्शी,अपारदर्शी
निहलानी,निहलानी
तिवोली,टिवोली
होगिस,होगिस
विंटर,विंटर
बदलावार,बदलवाकर
घुमाए,घुमाई
पेटालुमा,पेटालुमा
बीमडब्लायूम,बीएमडब्ल्यूएम
बखशते,बख्शते
संवेदीकरण,संवेदीकरण
टेलों,तेलों
घुम्मकड़ों,घुमक्कड़ों
हाँफेट,हांफते
फरहीन,फरहीन
जेम्स,जेम्स
किरतपुर,कीरतपुर
रेडिंग,रेडिंग
षक्,शक़
सर्प्राइज,सरप्राइज़
किसानों,किसानों
चलेंगे,चलेंगे
योडर,योडेर
स्टाइन,स्टीन
पैथेलिजिस्ट,पैथेलॉजिस्ट
लैबिलिंग,लेबलिंग
इक्थियोसिस,इक्थियोसिस
लाइबेशन,लिबरेशन
फूड़ों,फूडॉन
नन्हें,नन्हें
भदौरिया,भदौरिया
जतिला,जटिला
पहुंचनी,पहुंचनी
राष्ट्रों,राष्ट्रोंं
ब्लॉसम,ब्लॉसम
तंडों,टंडन
गड़बड़ी,गड़बड़बड़ी
संस्थिता,संस्थिता
यात्राएं,यात्राएं
आदन,आदान
जवते,जावते
नियुत्तियों,नियुत्तियों
भिष्म,भीष्म
हुंडिया,हंडिया
मुर्गीपालन,मुर्गीपालन
मालेकर,मालेकर
लववलैंड,लवलैंड
मावे,मावे
विकराम,विक्रम
हांफ्टे,हांफते
बर्राकपरर,बैरकपुर
ग़जियाबाद,ग़ाज़ियाबाद
तर्कों,तर्कों
एसपीएफ,एसपीएफ
आर्टेमिस,आर्टेमिस
एआईपीपी,ऐप्प
जयबन,जयबाण
गैरारादतन,गैरइरादतन
विवेकाधीन,विवेकाधीन
सबाजूनियर,सबजूनियर
फलिया,फालिया
प्रेक्षकगणों,प्रेक्षकगणों
पूर्वासियों,पुरवासियों
विपन्नता,विपन्नता
मांगा,मांगा
आर्डेनें,ऑर्डनेंस
प्रधन,प्रधान
अभियुक्तकों,अभियुक्तोंके
विरतखण्ड,विराटखंड
हिजबुल,हिजबुल
विद्याओं,विद्याओं
मांजू,मंजू
छवीन्द्र,छविंद्र
छुपकर,छुपकर
दोरंडा,डोरंडा
सेम,सायं
मिठाइयां,मिठाइयाँ
जीवविज्ञानियों,जीवविज्ञानियों
पाष्टुन,पश्तून
ब्रह्राचारीनी,ब्रह्राचारिणी
जेरुसेलम,यरूशलेम
अल्टामोंटे,एल्टामोंटे
सिहंता,सिहुंता
हेमवाटी,हेमवती
कोषाधिकारी,कोषाधिकारी
आशंंका,आशंका
बीन,बीन
वैज्ञनिकता,वैज्ञानिकता
झीलों,झीलों
रोबार्तो,रोबर्तो
श्रीरामपुर,श्रीरामपुर
मंचिया,मंचीय
वसूलता,वसूलता
मोरीसन,मोरीसन
महाग्रांथ,महाग्रंथ
ट्रानसिस्टर,ट्रांजिस्टर
सर्वजाती,सर्वजातीय
पतोत्सव,पाटोत्सव
हौकी,हाॅकी
मेदित्सन,मेडिथ्सन
उदाना,उड़ाना
सरायमहिद्दुन्द,सरायमोहिउद्दीनपुर
पेटरस्बर्ग,पीटर्सबर्ग
रंजकठा,रंजकता
दिया,दीया
मोहिंदार,माेहिंदर
मास्टेक,मस्टेक
निरबाध,निर्बाध
ऐहसास,एहसास
अवरतियों,आवृत्तियों
ऐशियावन,एशियवन
तचकी,थकी
टरबिन,टरबाइन
दिमाक,दिमाक
जोधपुर,जोधपुर
दुरधरा,दरदरा
खास्तौर,ख़ासतौर
मकरानी,मकरानी
हिघ,हाई
फतही,फटही
मरिया,मारिया
गींव,गॉंव
पेंडुलम,पेंडुलम
आविषाकर,आविष्कार
नातीजेह,नतीजेः
जेफर्सोनविले,जेफरसनविल
ब्रह्मसिद्धि,ब्रह्मसिद्धि
तुलशीदास,तुलसीदास
रीता,रीता
चर्चामच,चर्चामंच
प्रतिकारा,प्रतिकारा
टारकवाड़,तर्कवाद
दबंगों,दबंगों
हिचकीचा,हिचकिचा
शीर्षकों,शीर्षकों
डीएम,डम
द्वाईर्थी,द्विअर्थी
जवाबाह,जवाबः
बहुमान,बहुमान
जांचकरता,जांचकर्ता
वंडेमतरा,वन्देमातरम्
शोउल्ड,शुड
एगीसीएटए,अगस्ता
नीयू,एनईयू
दस्ताखासुदा,दस्तखतशुदा
सुरिनामा,सूरीनाम
किंगखान,किंगखान
तरस,तरस
रेकनेन्किंग,रिकनेक्टिंग
फैइब्रिक,फाइब्रिक
क्लेआर,क्लेयर
छेजत,छीजत
मोमिनेटाला,मोमिनटोला
विरोध,विरोध
अरेना,अरेना
उनियोंवाडी,यूनियनवादी
बमलेश्वरी,बम्लेश्वरी
बीओीीए,बोका
इम्चुररिती,इम्मैच्योरिटी
संस्थान,संसथान
जिन,जीन
दाद्रेवा,ददरेवा
किडे,कीड़े
करावनऊ,करावणौ
पुटिन,पुतिन
टंकार,टंकार
खटकती,खटकती
जड्ड,जड़
पुष्पा,पुष्प
जीएम,जीएम
युसुगी,युसूगी
कोरोला,कोरोला
प्याडे,प्यादे
करवायीग,करवायेगी
बालातकारियों,बलात्कारियों
जतती,जताती
गुरदससपुर,गुरदासपुर
श्रेष्ठास्वरूप,श्रेष्ठस्वरूप
शुभप्रभा,शुभप्रभा
यूरोप्लस्ट,यूरोप्लास्ट
राष्ट्रभक्तों,राष्ट्रभक्तों
कंटेरबारी,कैंटरबरी
कम्यूनिकेटर्स,कम्युनिकेटर्स
महामंच,महामंच
कन्वे,कॉन्वे
डीएफवी,डीडब्ल्यूएफ
रीव्स,रीव्स
दभोई,डभोई
भूतल,भूतल
इनसानो,इंसानो
एमिली,एमिल
विज्ञानम,विज्ञानम
सपते,सपाटे
अटवाल,अटवाल
हिंदन,हिंडन
आफ़ीसरी,ऑफिसरी
मोंटकेलर,मोंटक्लेयर
पुर्णस्वीकृत,पुर्नस्वीकृत
रिचर्डसन,रिचर्डसन
संद्रभ,संदर्भ
फर्गो,फार्गो
अलीम,अलीम
सप्त्रकांती,सप्तक्रांति
एआर,एचआर
ऊमांदारी,इमानदारी
कोंट्रेक्टिंग,कॉन्ट्रेक्टिंग
गंगजजल,गंगाजल
गौर्,गौर
अधिकारियों,अधिकरियों
बांधन,बंधान
सेंडा,सेंधा
डब्लूलिपी,डब्ल्यूपीडी
ग्रविता,ग्रविटा
लिनकॉलन,लिंगकन
प्रवृत्तिज्ञाविनों,प्रवृत्तिविज्ञानों
सेमेंटेशन,सीमेंटेशन
बगड़,बगड़
जेंटरी,जेन्ट्री
डेटसन,डैटसन
मोंटेबेलो,मोंटेबेल्लो
रिनेवेल्स,रिन्यूएबल्स
नकसलवाड,नक्सलवाद
एतराज़,ऐतराज़
इतिभगवती,इतिभगवती
निवेशकर्ता,निवेशकर्ता
पटकथाएं,पटकथाएं
काबिलेटारिता,काबिलेतारीफ
भाड़ों,भादस
भोगते,भोगते
होल्डिंग,होल्डिंग
ढट्टा,धत्ता
धोरों,धोरों
उपख्यनों,उपाख्यानों
फेयेटेविले,फयेत्तेविल्ले
स्टॉकटन,स्टॉकटन
ब्रजजेश,ब्रजेश
प्रतिज्ञा,प्रतिज्ञा
बढ़ाती,बढ़ाती
थेन,थेन
थोमस,थॉमस
ध्येयवाडी,ध्येयवादी
ट्यूसेडई,ट्यूजडे
एवजीपीएल,डब्ल्यूजीपीएल
ओवूम,ओवम
जीटीआई,गति
न्यूक्लियस,न्यूक्लियस
करार,क़रार
पूरूषोत्त्मारी,पुरूषोत्तमाचार्य
मंचंडा,मनचंदा
लहसून,लहसुन
नक़ाब,नक़ाब
सुजा,सूजा
मैकेंज़ी,मैकेंज़ी
पुर्जों,पुर्जों
बहुंत,बहुंत
ब्रावो,ब्रावो
अमानत,अमानत
झुठला,झुठला
बुश,बुश
चौखते,चौखटे
अपार,अपर
एस्थेटिक,एस्थेटिक
क्षेत्राद्वारा,क्षेत्रद्वारा
सज्ज,सज्जा
ढहाने,ढहाने
नारियाल्क्त,नारियलयुक्त
जेलस,जूलूस
कुर्सियो,कुर्सियॉ
सिंघादे,सिंघाड़े
अमे,एमी
अंतरमुख,अंतर्मुख
ठाकर,ठक्कर
बडबोलेन,बड़बोलेपन
नक्सालियों,नक्सलियों
मैनर,मैनर
हिमाली,हिमाली
नकसलावाद,नक्सलवाद
हैल्फ,हॉफ
महाधर्मध्यक्षा,महाधर्माध्यक्ष
परमूज़द,परमौजूद
टिपटनीपर,टिप्पणीकार
पेरेल्स,पेरेल्स
भपाई,भपाई
बीटाने,बीताने
वाल्वे,वाल्व
द्विरूक्त,द्विरुक्त
एडी,एड्डी
जीवनियाँ,जीवनियां
पंघल,पंघाल
खांड,खंडा
उर्वर्कों,उर्वरकों
बेसिन,बेसिन
गिरीवासियों,गिरिवासियों
पराधीन,पराधीन
पुखता,पुख़्ता
अचनेरा,अछनेरा
कार्सन,कार्सन
डेल्टा,डेल्टा
त्रिपुरा,त्रिपुरा
अलयमनी,अलयमनी
खेड़ा,खेड़ा
नाहरगढ़,नाहरगढ
शालीमार,शालीमार
इम्मायचिर्ति,इम्मैच्योरिटी
एलेंड्ट,एलएंडटी
प्रोपर्फेसस,प्रॉपरफेसबुक
उदानों,उड़ानों
महजन,महाजन
मोसेज,मोसेस
बतायकी,बतायाकि
अलाई,अली
इलेक्ट्रीमीटर,इलेक्ट्रोमीटर
अमोड,आमोद
रूकेंगे,रूकेंगे
मारिया,मारिया
रागों,रागों
आईपीफ,आइपीएफ
फालीतार्था,फलितार्थ
सुपाच्च,सुपाच्य
अवाशिष्ट,अवशिष्ट
इशत,ईष्ट
रते,रेट
आटा,आटा
महलों,महलों
वरिष्ठों,वरिष्ठों
जलापोट,जलपोत
कातीना,कैटरीना
जिस्मारोशी,जिस्मफरोशी
सालारी,सैलरी
रज़ा,रज़ा
रेक्टेयर,रैकेटियर
बासिल,बेसिल
बढ़ाता,बढ़ाता
चाणबद्ध,चरणबद्घ
भड़काया,भड़काया
सहित्योत्सव,साहित्योत्सव
नारीसुरा,नरसीपुरा
समझूंगा,समझूंगा
चंद्रपुर,चंद्रपुर
सरका,सरका
ढाह,ढाह
प्रौध,प्रौढ
अहितकारी,अहितकारी
दारावानी,डरावनी
बेलिंदा,बेलिंडा
अलयमनी,अलयमनी
डाट्सन,डैटसन
एतेआई,अते
फास्टनर्स,फास्नर्स
बंगरावला,बंगरावाला
सेरा,सायरा
अट्ठास,अट्टहास
निरदाल,निर्दल
महबूबनगर,महबूबनगर
डरेटी,डराते
वालकान,वल्कन
खस्तौर,ख़ासतौर
बरसाई,बरसाई
आनंद्यदायक,आनंददायक
बनबी,बांबी
तोह,तो
असमान्ये,असमान्य
विपान्न,विपन्नता
स्पास्ट,स्पस्ट
अमजेरा,अमझेरा
बेचाकर,बेचकर
घटबा,घटबढ़
कौशलता,कौशलता
मचीने,मशीन
वायरलेस,वायरलेस
फैन्न,फैंन
गाँो,गानो
खांभाट,खंभात
क्यूएपीयू,क्यूआईपीएस
दुबलिन,डबलिन
एमटीए,एमटीए
समृद्धियों,समृद्धियों
राधाक्रुदनुष,राधाकृष्णदास
कांस्टिंग,कांस्टिंग
इदुक्की,इड्डुक्कि
इंडस्ट्रियल,इंडस्ट्रियल
भरतवंशी,भारतवंशी
मांगी,मांगी
रॉबिन्स,रॉबिंस
व्लेडिमिर,व्लादिमीर
पेहोवा,पेहोवा
बाग,बाग
उम्मीद्वारी,उम्मीदवारी
साफगोई,साफगोई
कूट्टा,कूत्ता
अदैन,एडेन
ग्रेनाइट,ग्रेनाइट
उस्तरा,उस्तरा
धूंधता,ढूंढता
संघीयता,संघीयता
कुमारी,कुमारी
डेपथिरिया,डिप्थीरिया
अचने,अड़चने
कोरियाह,कोरियाः
प्रपत,प्रपात
छुड़वाया,छुड़वाया
सुइयां,सूइयां
वेरोनिका,वेरोनिका
सैफेलर,स्कैफलर
ज्याड़ा,ज़यादा
पॉटर,पॉटर
मेडिया,मीडिया
यरुशेलम,यरूशलेम
पिचडे,पिछड़े
लेटासेंग,लेटसेंग
अर्थव्यव्थसाओताओं,अर्थव्यवस्थताओं
काकू,काकू
निर्देशिका,निर्देशिका
सेटो,सेटो
नवते,नवाते
संवेदनशीलता,संवेदन्शीलता
रोडरेज,रोडरेज
छाहों,छहों
लेफ,लफ्ज
वंश्वद,वंशवाद
रोहताक,रोहतक
अटकता,अटकता
बावरा,बावरा
क्रिरबभ,कृबरभ
प्रकाशहह,प्रकाशकः
स्टाइरोलेशन,स्टायरोल्यूशन
अपार्दरशी,अपारदर्शी
बेंगालूरू,बेंगलुरु
अंधपन,अंधापन
मैनान,मैनन
क्याह,क्याः
फार्मुले,फार्मूले
हमालावर,हमलावर
अमावस्य,अमावस्या
पूर्वेपेक्षाओं,पूर्वापेक्षाओं
दैशवाला,डैशवाला
ओकलहहोमा,ओकलाहोमा
दरमैत,डारमैट
सहकलकर,सहकलाकार
फाटा,फातमा
खलती,खलती
दायत्व,दायित्व
क्युइइक्स,क्यूसैक्स
टोलकर्मी,टोलकर्मी
वर्शन,वर्शन
परिसंवाद,परिसंवाद
इम्ुुने,इम्युन
बचती,बचती
यूटीलाइजी,यूटिलिटीज
मल्मास,मलमास
कैडमियम,कैडमियम
एंटीओक,एन्टीओक
खटेदार,खातेदार
मोहिनी,मोहिनी
विश्वस्नीयता,विश्वसनीयता
रेहमन,रहमान
केनबलोन,कंबलों
आर्यिका,आर्यिका
मर्ेज,मैरेज
छींक,छींक
फलटा,फलता
बागोरा,बागोरा
पकौडे,पकौड़े
लूसी,लूसी
फतेहगढ़,फतेहगढ़
ग्रहणनकाल,ग्रहणकाल
जॉब्स,जॉब्स
सदनदन्द,सदानंद
डडट,दत्त
मुर्गीपालन,मुर्गीपालन
लुरहहके,लुढ़कते
पालमोनारी,पल्मोनरी
विन,डब्ल्यूआईएन
उभारा,उभारा
बेईसी,बेक
पदरौना,पडरौना
बंढ़ते,बांधते
कपूर,कपूर
सेवाला,सेवाला
वेरशनन,वर्शन
चिढ़ते,चिढ़ते
थान,थाणे
निकालोगी,निकलेगी
मोगाली,मोगली
ड्रेजर,ड्रेजर
नागरिक,नागारिक
गजीपुर,गाजीपुर
वडक,वादक
मिचेल,मिचेल
ज्याटी,ज्ञातव्य
स्टेनधारी,स्तनधारी
धोराजी,धोराजी
अब्दुन्नासिर,अब्दुन्नासिर
विश्वंध्य,विश्ववंद्या
सत्यार्थ्रकरष,सत्यार्थप्रकाश
शिवामोग्ग,शिवमोगा
घुमाक्डी,घुमक्कड़ी
गयें,गाएं
ची,ची
थीटेरों,थिएटरों
अनाधिकारिक,अनाधिकारिक
शाक,शासक
हाइनस,हाइंस
बेटिय्याह,बेतिया
धटना,धटना
रहमत,रहमत
मोतीहरी,मोतिहारी
पीरसन,पियरसन
उजबैक,उज़्बेक
व्हीलिंग,व्हीलिंग
पाइथोगरस,पाइथागोरस
विप्रो,विप्रो
काबीलीतारित,काबिलेतारीफ
जमाते,जमाती
पुलम,पुलम
दौबारा,दौबारा
पॉर्टिलो,पोर्टिलो
अधिक,अधीक
धूम्रपान,धुम्रपान
दांपत्य,दांपत्य
जामुदिया,जामुड़िया
पेडू,पेडू
पीआरआईए,पिपरा
ब्लेरर,ब्लेयर
कम्यूनिकेशन,कम्यूनिकेशन्स
अलायन्स,अलायंस
आरदस,अरदास
गुडना,गुदना
जुस्ट,जस्ट
आवजों,आवाज़ों
बेंवर,बेंवर
अमेरिलो,अमारिलो
ब्रमहांद,ब्रह्माण्ड़
दिखाई,दिखार्इ
तैं्ट्रो,तंत्रों
आसन,आसान
तुगलाकाबाद,तुगलकाबाद
सुत्तों,सट्टन
कान्दरर,कंदरौर
खाना,खन्ना
निकलनी,निकालनी
दिबानू,डिबनू
इम्माच्योरिती,इम्मैच्योरिटी
तोलासन,तोलासन
जानककरी,जानाकरी
लीवाल,लिवाल
एंगेलाइन,एंजेलिन
रुषिता,ऋषिता
फ्लिंट,फ्लिंट
वृष्चिक्रस्पाह,वृश्चिकःसप्ताह
आसमती,आसमती
गिरकर,गिरकर
वैज्ञानिक,वैज्ञानिक
बिशधी,बिशड़ी
फूलती,फूलती
पुनःस्थपना,पुनःस्थापना
बढ़,बाध
गंधा,गंध
चक्षू,चक्षु
मिकताम,मिकटॉम
लिईरों,लीडरों
जबादर्स्त,ज़बर्दस्त
स्टुटी,स्तुति
औरतो,औरतो
हेबलीकर,हेब्लिकर
रत्तेबाजी,रट्टेबाजी
फ्रेन्सिका,फ्रांसिस्का
मुंबा,बंबा
प्रतियुक्ति,प्रतियुक्ति
डरती,डराती
प्रानों,प्राणों
मेडिसन,मेडिसन
निभाएगी,निभाएगी
माइर्स,मयर्स
कश्यप,कश्यप
ब्राइडियर,ब्रिगेडियर
अं्बिकाओं,अम्बिकाओं
होगाह,होगाः
ऐषाक,इशाक
सुमी,सुमि
देशभक्तिया,देशभक्तिमय
धर्मपत्रियां,धर्मपत्रियां
कृष्णनगर,कृष्णानगर
ईए,ईए
आयुर्धिराणमी,आयुधनिर्माणी
ताजा,ताजा
अजसरा,अजस्र
फिजुलखर्ची,फिजूलखर्ची
मंत्रयों,मंत्रयों
तांता,तांता
डिलरशिप,डीलरशिप
चापेल,चैपल
ध्वानिमिकों,ध्वनिमिकों
इडुकेशन,एजुकेशन
जरख,जरख
नीत,नीट
जीलवासियों,जिलावासियों
संप्रभूता,संप्रभुता
कासेगा,कसेगा
पाकानेवाला,पकानेवाला
दीपन,दीपन
कलसाना,कलसाना
मुगालता,मुगालता
टोकने,टोकने
फलिभूत,फलीभूत
ज्ञोंथ,ग्योंठ
दिखाई,दिखार्इ
शांजीभाए,शामजीभाई
पहनाकर,पहनाकर
किसानी,किसानी
उधाराताओं,उधारदाताओं
रामतेक,रामटेक
व्याख्यात्मकता,व्याख्यात्मकता
सोमवार,साेमवार
विस्ता,विस्टा
पोलिमर,पॉलिमर
रक्ताभ,रक्ताभ
भुग्ता,भुगता
भ्रष्टाचारियों,भ्रष्टाचारीयों
खटकती,खटकती
मुख्यमंत्रियों,मुख्यमन्त्रियों
मैड,मैड
कक्षांग,कक्षांग
जैन,जैन
महिन,महीन
सुरवाना,सुर्वणा
बाँगरतीय,बांगरोटिया
रसायनिक,रसायनिक
औरोरा,औरोरा
चमचागिरी,चमचागिरी
एनआनआरसीआईसी,एनसीआरडब्ल्यूसी
ऐंथे,ऐंठे
एसेल,एस्सेल
देशसेवा,देशसेवा
इलेक्ट्रोट्स,इलेक्ट्रोटेक्स
वॉर्कचार्ज,वर्कचार्ज
कारवाई,कार्वाई
झंकता,झांकता
अर्जेंट,अर्जेंट
सप्रमन,सप्रमाण
मौर्य,मौर्यों
जिनी,जिनी
जगदीशानद्र,जगदीशचंद्र
असुरक्षित,असुरक्षित
काव्योक्तियां,काव्योक्तियां
अलंकार,अलंकार
स्वादप्रेमियों,स्वादप्रेमियों
जाकतक,जातक
रॉलर्स,रोलर्स
अशक्तता,अशक्तता
काठीवाड़ी,काठियावड़ी
आवृति,आवृत्ति
विद्यायें,विद्याएं
विधिवत्,विधिवत
राधे,राधे
मुख्यमं्रमंंद्रीता,मुख्यमंत्रीसंवाददाता
प्रांसंगली,प्राणसंगली
कनलोग,कनलोग
पुडुक्कटाई,पुदुकोट्टई
निकी,निकी
फुहदता,फूहड़ता
पैटापेप,पटाक्षेप
रेट्रीएट,रीट्वीट
मनोवैगानियों,मनोवैज्ञानियों
स्तनाधारी,स्तनधारी
मुख्योप्धयय,मुखोपाध्याय
निरबाध,निर्बाध
टोडने,तोडऩे
अवुती,आवृत्ति
परिक्षणकर्ताओं,परीक्षणकर्ताओं
एक्सटैक्टर,एक्सटेक्टर
नाशिक,नाशिक
रसायनों,रसायनों
वैत्रतवती,वैत्रवती
ओग्रीनाज,ऑग्रेनाइज
चौसिंघा,चौसिंगा
फलोडी,फलोदी
स्खालन,स्खलन
पनामा,पनामा
नीगार,निगर
मोंटे,मोंटे
सुनीती,सुनीति
श्रबों,शराबों
अंबिकाओं,अम्बिकाओं
गुजारा,गुजारा
फोटोफ्रेम,फोटोफ्रेम
प्रहलााद,प्रहलाद
बीसवां,बीसवां
द्विवेदी,द्विवेदी
डेनेवाली,देनेवाली
बुर्लेन,बर्ल्सन
भारद्वज,भारद्वाज
जताती,जताती
मालेगांव,मालेगांव
रहुगां,रहुगाँ
महामंत्र,महामंत्र
बीस्ट,बीस्ट
दिव्यता,दिव्यता
संजीवन,संजीवन
कुपोषित,कुपोषित
एकस्क्लेशन,एक्सक्लेशन
चढ़ेगा,चढ़ेगा
टेक्सरकना,टेक्सरकाना
दुंगरपुर,डूंगरपुर
सरही,सराही
लालापरी,लालपरी
एरोनॉटिक्स,एरोनॉटिक्स
वर्थ,वर्थ
आस्तीन,आस्तीन
स्वापनिका,स्वप्निका
उपकार्यालयों,उपकार्यालयों
मिमिक्री,मिमिक्री
बल्लभ,बल्लभ
वेरिफिकेशन,वैरीफ़िकेशन
हैकेंससक,हैकेंसैक
आकाश,आकाश
बोना,बोना
क्लॉक,क्लाक
दफीन,द़फन
पेगव,पेगव
कहलाया,कहलाया
मधीखेड़ा,माड़ीखेड़ा
तेलीबाग,तेलीबाग
धारक,धारक
निकालनी,निकालनी
कांघे,कंघे
प्रश्नोत्तरी,प्रश्नोत्तरी
ककीनाड़ा,काकीनाड़ा
भाग्योदय,भाग्योदय
सिंगर,सिंगार
मचाए,मचाए
लेखकगणों,लेखकगणों
उछलने,उछालने
धर्मराजने,धर्मराजने
अंजल,ऐंजल
बंटता,बंटता
फर्म,फाॅर्म
रवेल,रवैल
हनुमंगढ़,हनुमानगढ़
विरांगानव,वीरांगनाओं
गेत्री,गायत्री
वेंकटरमण,वेंकटरमन
दिबनू,डिबनू
पूरूष्तोत्मारी,पुरूषोत्तमाचार्य
संयोजकों,संयोजकों
झाऊगंज,झाउगंज
सरकरें,सरकारें
न्यूटेस्ट,न्यूटेस्ट
श्रीकर,श्रीकर
मिताओ,मिटाओ
दियोतिस्द्ध,दियोटसिद्ध
भूपसिंह,भूपसिंह
चर्चाएं,चर्चाएँ
प्रसरकों,प्रसारकों
निष्पाप,निष्पाप
फ़्लिन,फ्लिन
रणनीतीबना,रणनीतिबना
ईयर्ी,ईआरजी
ढागा,धागा
गोमुख,गौमुख
जुद,जूड
खानिकर्मी,खनिकर्म
शरभ,शरभ
आरेल्ानो,अरेलानो
उखाधाकर,उखड़कर
लेनेवाली,लेनेवाली
कुमार,कुमार
सिंघडे,सिंघाड़े
टोंसील,टोंसिल
दविंदारपाल,दविन्दरपाल
सिंगार,सिंगार
खिसकते,खिसकते
एनिड,एनिड
मेगापिकल,मेगापिक्सल
डिग्विजय,दिग्विजय
फ़ालों,फजलों
डोगे,दोगे
लेबों,लेबलों
मुनाफा,मुनाफा
बढ़ाने,बड़ने
वेरी,वैरी
सास्तेरा,सातसेरा
ओर्टेगा,ओर्टेगा
रोवे,रोवे
भातिया,भाटिया
राजसंथवासियों,राजस्थानवासियों
बागबेगीचों,बागबगीचों
विलकिन्सन,विल्किंसन
दराती,डराती
अटके,अटके
प्रमुखतापूरक,प्रमुखतापूर्वक
यतना,यत्न
नीतिन,नितिन
सीआईटी,सिटी
रेडिको,रेडिको
दुकानों,दुकानों
जलसंसाधन,जलसंसाधन
मस्येन्द्रनाथ,मत्स्येंद्रनाथ
बेहर,बिहार
बर्षीय,बर्षीय
एवरूआ,अवरु
देव,दाव
नकाबाब,नक़ाब
सरेगमा,सारेगामा
हुगली,हुगली
सत्ती,सत्ती
नेग,नेग
महाबलेश्वर,महाबलेश्वर
प्लेसेंशिया,प्लेसेंटिया
वरसाचे,वर्साचे
कुमौ,कुमाऊ
एएएएआई,एमी
थीटर्स,थियेटर्स
एरिका,एरिका
खिंचकर,खिंचकर
राबदार,रौबदार
अल्टो,ऑल्टो
काव्यविधाओं,काव्यविधाओं
कूएन,कून
आक्रों,अक्रोन
तहखाना,तहखाना
समज्जनों,समाजजनों
मचाये,मचाए
सूर्यादेव,सूर्यदेव
प्रथमिक,प्राथमिक
प्रवृत्रियों,प्रवृत्रियों
ताजा,ताजा
जिवनशैली,जीवनशैली
रक्त्ाताओं,रक्तदाताओं
बलेश्वर,बालेश्वर
भौटिकवादियों,भौतिकवादियों
लगातीन,लगातीं
झैयां,झाइयां
वंशवाद,वंशवाद
नवानगर,नवानगर
नज़नदाज़,नजरंदाज
अंशांकन,अंशांकन
फुँकने,फुंकने
मतपत्रों,मतपत्रों
मोडुले,मॉड्यूल
फर्म,फार्म्स
पहुंचोगी,पहुंचोगी
मैदी,मैडी
थिफ़,थीफ
पीफेल्डर,फाउडलर
अमित,अमित
पूर्वभारापद,पूर्वाभाद्रपद
लंडारा,लंगड़ा
गोंपो,गोंपो
वेसले,वेस्ले
शाओ,शाओ
हमीदन,हामिदन
वीक्स,वीक्स
मिनेरल,मिनरल
सेंटेनियल,सेंटेंनियल
बस्तियो,बस्तियो
बाबगीचों,बागबगीचों
प्रेणित,प्रनीत
भेदाभावों,भेदभावों
कराहना,कराहना
ग्रीनविल,ग्रीनविल
शेरावत,सहरावत
राउद,रालोद
जटकों,जातकों
रिश्ते,रिश्ते
बेंटोनविले,बेंटनविल
नजीबाबाद,नजीबाबाद
फाइनेंसर्स,फाइनेंसर्स
फतही,फटही
केराला,केरला
लडाइयों,लड़ाईयों
हरिजन,हरिजन
व्हाटकर,वाईटेकर
विदिषा,विदिशा
पौल,पॉल
आर्यों,आर्यों
खिलाना,खिलाना
छुटने,छूटने
दुखियों,दुखियों
पूर्णेश्वरी,पूर्णेश्वरी
विसाबल,विसबल
दारमयणी,दरम्यानी
यारी,यारी
विधामन,विधमान
यात्राएं,यात्राएं
सुनटेक,सनटेक
गुजरता,गुजारता
नियंता,नियंता
डीम,डम
अवास्थी,अवस्थी
प्लस,पल्स
भेन,भें
स्टॉप्स,स्टॉप्स
ढकेलते,धकेलते
केपीओ,केपीओ
डामघोंटु,दमघोंटू
इनसानो,इंसानो
मेरेइज,मैरेज
असफल्ट,एस्फाल्ट
लॉंडरी,लॉन्ड्री
रत्नभूषण,रत्नाभूषण
सीकी,स्की
दुश्वारियों,दुश्वारियों
अनुप्रयोगण,अनुप्रयोगों
देशसेवा,देशसेवा
लेला,लेलऽ
जगागरलू,जगारागल्लू
मेजबानी,मेजबानी
देहरी,डेहरी
चक्कर,चक्कर
क्रावफोर्ड,क्रोफोर्ड
गुडुरी,गुदुरी
डीवीसी,डीवीसी
प्रक्रियतगत,प्रक्रियागत
नग,नग
मत्स्यावरत,मत्स्यावतार
स्कूटरों,स्कूटरों
अर्धविश्वस,अर्धविश्वास
दर्यानी,दरम्यानी
सुरवाना,सुर्वणा
स्थितियां,स्थितियां
धर्मानंद,धर्मानंद
सॉफनर,सॉफ़्नर
स्क्वश,स्क्वैश
विधानसभाएं,विधानसभाएं
रैंडलल,रैंडोल्फ
मेज़ााँ,मेज़बान
स्पृत,स्प्रिट
शीलभांग,शीलभंग
कालमें,कलमें
स्वर्णिका,स्वर्णिका
मांदी,मंडी
अर्थव्यवस्थाताओं,अर्थव्यवस्थताओं
कुंडलिया,कुंडलियाँ
निमकथाना,नीमकाथाना
फर्म,फाॅर्म
हत्यारोपित,हत्यारोपित
पुट्टा,पुट्टा
फौरेनसिस,फारेंसिस
पूरोष्टोत्मारी,पुरूषोत्तमाचार्य
बॉन्ड्स,बॉंन्ड्स
शिकातारकता,शिकायतकर्ता
क्रान्फ्रेनिंग,क्रान्फ्रेंसिंग
उबल,उबाल
बाबाओ,बाबाओ
हलमतपुरा,हलमतपुरा
हकीक़त,हकीकत
बरमान,बर्मन
वर्तमान,वर्तमान
बाँतीं,बांटीं
अचनभा,अचंभा
जीवनपर्यंत,जीवनपर्यंत
वडारा,वदरा
सदाकेन,सडक़ें
एआईएसए,एेसा
ज्योतिश्याश्त्रों,ज्योतिष्यशास्त्रों
पाइथगोरस,पाइथागोरस
एंजेलिन,एंजेलिन
कापोलकल्पाना,कपोलकल्पना
द्रोपड़ियों,द्रोपदियों
रॉजलिन,रोजलिन
श्रीराम,श्रीराम
गोपालक,गोपालक
बंगबंधु,बंगबंधु
मिस्त्रियां,मिस्त्रियां
उसे,उसेे
मर्काडो,मर्काडो
मेसोर,मैसोर
ओफॉशॉर,ऑफशोर
कपूरथाला,कपूरथला
सहोवलीय,साहोवालिया
मलाड़हय,मलदहिया
हाइमेन,हाइमन
इंदौरनगर,इंदौरनगर
विशेष्ठागतओं,विशेषज्ञताओं
उसकी,उसकी
केप्लिन,कैपलिन
महप्रन,महाप्राण
रूपेश,रुपेश
रेनो,रिनो
सुदीप्तों,सुदीप्तों
स्वामयी,स्वामी
अमारा,अमारा
व्यवस्थामूलक,व्यवस्थामूलक
सेन्जिंग,सेंसिंग
टाइलर,टाइलर
संगरेद्दी,संगारेड्डी
पहनो,पहनो
माददानी,मरदानी
बालमेश्वरी,बम्लेश्वरी
दीवाणी,दिवानी
फिनकॉर्प,फिनकॉर्प
नवा,नवा
शिमत,शिमट
सोहावाल,सोहावल
बनाम,बनाम
प्रव्रुत्रियों,प्रवृत्रियों
ज़ियोंग,शियोंग
वार्स्टेड,वर्स्टेड
राजों,राजों
चीखाना,चीखना
नैमूल,नैमुल
बाधोत्री,बढ़ोतरी
एंटोनी,एंटोनी
छन्यासा,छांयसा
निर्देशिका,निर्देशिका
निपटारा,निपटारा
जुडने,जुडने
सुझती,सुझाती
पैथेलोजिस्ट,पैथेलॉजिस्ट
टाइड,टाइड
श्रंगर,शृंगार
ब्रांडेस,ब्रान्डेस
परमेश्वरपुर,परमेश्वरपुर
जेडतीफास्त,जेडटीईसाफ्ट
उद्धातन,उद्धाटन
स्टान,स्टैन
आदिवादियों,आदिवादियों
जुलाहों,जुलाहों
महाराजा,महाराजा
गतिशिलता,गतिशीलता
शिपरा,शिप्रा
त्रिबुनाल,ट्रिब्युनल
खाइबर,ख़ैबर
वनविभाग,वनविभाग
घटातोप,घटाटोप
धर्मग्राथों,धर्मग्रंथों
प्रव्रितियों,प्रवृत्तीयों
गाँठ,गांठ
मायोरे,मैसोर
सेहगल,सहगल
नामकिन,नमकीन
वैध,वैध्
वनस्पतियां,वनस्पतियाँ
जिआंगकू,जियांगकोऊ
पाखंडी,पाखंडी
प्रोटक्टों,प्रोटेक्ट्स
एल्बानो,एल्बाइनो
लिंडेन,लिंडेन
सोहावल,सोहावल
भुरभुरा,भुरभुरा
जेस्ट्रलोजी,गैस्ट्रोलॉजी
विद्रूप,विद्रूप
सजसजजा,साजसज्जा
रात्रीचर,रात्रिचर
रोजना,रोजना
जलभराव,जलभराव
मॉंटगमोरी,मोंटगोमरी
सेव,सेव
भ्रस्त्राारारोयों,भ्रष्ट्राचारियों
डीवीएन,डीडब्ल्यूएन
स्त्रेशन,स्ट्रेशन
गंठे,गांठे
गेहलोट,गहलोत
छटेनी,छतेनी
विश्वासनीय,विश्वसनीय
जीवनियां,जीवनियां
दस्तानें,दस्तानें
धोना,धोना
खरुवार,खरुवार
सुरिनामे,सूरीनाम
मंगालसिंह,मंगलसिंह
अन्योन्याश्रिता,अन्योन्याश्रितता
निंटीज़,नाइनटीज
पांचोलास,पांचोलास
रेसन,रेसों
वातानुकूतों,वातानुकूलितों
चतुस्कोनिया,चतुष्कोणीय
आईएमी,आमदी
दुष्टापूर्वक,दुष्टतापूर्वक
बेचते,बेचते
चुका,चौका
मिजोराम,मिज़ोरम
टॉरेंस,टोरेंस
अनुचित,अनुचित
अवरोधक,अवरोधक
रॉस,रॉस
अच्युत,अच्युत
ऊधमी,ऊधामी
हरावल,हरावल
गउल्ड,गोल्ड
दाव,दाव
श्रीजनवियियानी,सृजनविज्ञानी
नेक्सटेन,नेक्स्टजेन
रुकावतों,रूकावटों
भावानाओं,भावनाओं
देहधारी,देहधारी
परिखाएँ,परीक्षाएं
उतनी,उतने
सैं्क्रिशन,संस्कृतिओं
प्रॉस्पेक्स,प्रॉस्पेक्स
नीदिल्ली,नईदिल्ली
सायन,सायं
गेनेवा,जिनीवा
रसाद,रसद
बारामुला,बारामुला
वंडेमतरम,वन्देमातरम्
सफारी,सफारी
चांबा,चम्बा
सवाल,सवाल
बन्नरी,बन्नारी
फतेहपुर,फ़तेहपुर
पहनेटे,पहनता
स्प्रे,स्प्रे
नॉरमल,नॉर्मल
अलाउट,ऑलआउट
मानसस,मनासस
मात्रियोंके,मंत्रियोंके
कार्यकर्यकर्ताओं,कार्यकार्यकर्ताओं
फाडहंहे,फाडऩे
ग्रेग,ग्रेग
बैटूल,बैतूल
कुशान,कुषाण
सब्बनी,सुब्बनी
इनफीबियम,इन्फिबीम
खटटखाकर,खटखटाकर
चचाजी,चाचाजी
चंद्रबाली,चंद्रबली
बारीपाड़ा,बारिपदा
रूहेलखण्ड,रूहेलखंड
घैराकानूनी,ग़ैरकानूनी
आरेखः,आरेखः
प्रमुख्करमियों,प्रमुखकर्मियों
ली,ली
थायेटर्स,थियेटर्स
असम,असम
फानों,फानों
ज्याडा,ज़्यादा
थीटेरों,थियेटरों
सफाईकर्मी,सफाईकर्मी
बायसीज़,बीएसएसएस
क्रान्फ्रेनिंग,क्रान्फ्रेंसिंग
जीवराज,जीवराज
ठिरके,थिरके
शक्सबायेह,शकसुबहे
पैराटरूपर,पैराट्रूपर
दारा,डभरा
उसी,उसी
निहसंदेह,निःसंदेह
महानतम,महानतम
बंठिया,बांठिया
अनाम,अनम
कश्मीर,कश्मीर
बावदी,बावडी
भुट्टो,भुट्टो
मारके,मारके
कार्ययोजना,कार्ययोजना
फ्रैंसिक्सो,फ्रांसिस्को
अदानी,अदाणी
धुरिया,धुरिया
म्वािद्य,महाविद्या
मेगापिक्सल,मेगापिक्सल
क्रिपटोक्रुक्नर,क्रिप्टोकरेंसियों
मुथ,मूठ
अथोरीटी,ऑथोरिटी
अपरिवर्तशंली,अपरिवर्तनशील
प्रधानमंत्रिकी,प्रधानमंत्रीकी
आगाशे,आगाशे
नवजागरण,नवजागरण
अत्रा,अट्टरा
उबाला,उबाला
अमानी,अमानती
खम्म,खम्मम
हारना,हारना
भावभिव्यक्तियों,भावाभिव्यक्तियों
पुष्कर,पुष्कर
शांतियों,शांतियों
नेरोलैक,नेरोलेक
चौका,चौका
सिद्धलिंगा,सिद्दालिंगा
भारतन्यतम,भरतनाट्यम्
जवाबाह,जवाबः
दुश्वरियों,दुश्वारियों
मंची,मंचीय
जियो,जीयो
सप्रमान,सप्रमाण
सीम,सीम
पीचडबल्यूसी,पीएचडब्ल्यूसीएस
बहाव,बहाव
टिक,टिक
अगवाई,अगवाई
हिगमैन,हाइमन
क़ीवी,क्यूआईडब्ल्यूआई
अज्ञत,अज्ञात
अगेंडे,एजेंडे
लिनचबर्ग,लिंचबर्ग
माँगीना,मांगीना
खटखटाइी,खटखटाएगी
जोधिका,जोधिका
स्रूजनवियिनाञी,सृजनविज्ञानी
डेटासन,डेटसन
बड़लवा,बदलवा
यूआरएफ,उर्फ
छापेमार,छापेमार
लक्स,लक्स
भोपाल,भोपाल
फलिभूत,फलीभूत
पैथेलिजिस्ट,पैथेलॉजिस्ट
पर्याप्ता,पर्याप्तता
फर्ती,फूर्ति
म्रुट्यूनिवारक,मृत्युनिवारक
मरूती,मारुति
उठाकर,उठाकर
एलो,एएलओ
पेगाव,पेगव
पिलिभित,पीलीभीत
सोमी,सोमी
संचलनों,संचालनों
कंचीपुरम,कांचीपुरम
दराती,डराती
यद्दश्त,याद्दाश्त
सबुदना,साबुदाना
वेल्डिंग,वेल्डिंग
वेरोनिका,वेरोनिका
स्टिम्बरवाला,स्टिम्बेरवाला
मयजाल,मायाजाल
पीईएस,पेस
अतुल,अतुल
ऑटोमैटिकली,औटोमैटिकली
जांचना,जांचना
मिथीलांचल,मिथिलांचल
फिकसिंगह,फिक्सिंगः
सजेती,सजेती
प्लानो,प्लानो
विसंगतिया,विसंगतिया
खोमचे,खोमचे
लग्ना,लगना
मुकेश्वरी,मुकेश्वरी
तस्वारों,तस्वारों
डेआई,देव
वेश,वेश
ज्योथी,ज्योथी
लंडल,लेंडल
विरांगनाओं,वीरांगनाओं
यनित,यनित
पुर्निया,पूर्णिया
चौक,चौक
लादीन,लड़ीं
चेस्ट,चेस्ट
कासेगा,कसेगा
अबुट,एबट
रेणुका,रेनुका
लूवे,लूवे
गुलाबाग,गुलाबाग
लजजलु,लज्जालु
सभार,साभार
गैराशरत्रवादी,गैरराष्ट्रवादी
धावकों,धावकों
लीम,लिम
विधाएँ,विद्याएं
स्वायंस्वीक्रत,स्वयंस्वीकृत
इलेक्ट्रोक्स,इलेक्ट्रोटेक्स
रामराज,रामराज
जनभवना,जनभावना
यौनिकता,यौनिकता
हाथे,हाथे
दुने,दूने
प्रोटेक्ट्स,प्रोटेक्ट्स
वेरिन्ये,वरेण्य
मज़ूरी,मज़बूरी
प्रवीचंद,प्रवीनचंद
वैज्ञानिक,वैज्ञानिक
टॉरेंट,टोरेंट
आत्मयें,आत्माएं
संप्रति,संप्रति
मट्े,मत्थे
सविता,सविता
अटलांटिक,अटलांटिक
जलगटी,जलगति
चचचा,चच्चा
अफरीन,आफरीन
बज़ारू,बाजारू
चौकी,चौकी
फर्से,फरसे
टीनिंग,ट्यूनिंग
नोदरानी,नोडरानी
मौम,मौम
विधानी,विधाणी
गुजर,गुजार
पाड़कर,पकडकर
आँखें,ऑंखें
आपका,आपका
वर्नर,वार्नर
अनवहर्य,अन्वाहार्य
लिखेहैं,लिखेहैं
पाठ्यक्रम,पाठ्यक्रम
शवकों,शावकों
यरूशेलम,यरूशलेम
मंडालायुत्ो,मण्डलायुक्तो
नैनो,नैनो
झाइयाँ,झाइयां
सिंफेरोपोल,सिम्फरपोल
धम्म,धम्म
निखरेगा,निखरेगा
घुमान,घुमाण
होऊंगा,होऊंगा
धकल,ढकाल
सागरिका,सागरिका
बेरनार्ड,बर्नार्ड
योगबल,योगबल
ब्रेवीरीज,ब्रेवरीज
दिश,डिश
ऐठीन,ऐठन
वर्तमान,वर्तमान
त्रेमासिक,त्रैमासिक
तैसवीरे,तस्वीरे
व्यवर्गत,व्यवहारगत
मराथा,मराठा
बनवा,बनवा
स्वर्णिका,स्वर्णिका
प्रसथ,प्रसाथ
ओवरेल,ओवरऑल
पुर्वफलगुनी,पूर्वाफाल्गुनी
प्रोपर्फैससूक,प्रॉपरफेसबुक
सुवेन,सुवेन
सपते,सपाटे
ज,झ
करघे,करघे
देशकाल,देशकाल
नठद्वारा,नाथवाड़ा
थानवी,थानवी
ओरान,ओरण
सेरानो,सेरानो
ईईएर,इअर
सबमिशन,सबमिशन
धारक,धारक
तडद,तदाद
ग्रीनवूड,ग्रीनवुड
हौटे,हाउते
बेहुरिया,बहुरिया
नियंताओं,नियंताओं
चुरु,चूरू
मिसोरी,मिसौरी
अन्यय,अन्याय
जेनरेट,जेनरेट
न्यूटेस्ट,न्यूटेस्ट
गरुड,गरुड़
स्वास्तिकार,स्वास्तिकाकार
शै,शैइ
सिद्धनातवादियों,सिद्धांतवादियों
अनवाश्यक,अनावश्यक
सीटेन,सीटें
गुलशान,गुलशन
रिया,रिया
फरिमियन,फर्मिऑन
टाइरे,टायर
ची,ची
बदलापुर,बदलापुर
युद्धनौका,युद्धनौका
एनबीसीसी,एनबीसीसी
श्रीगंगंगरवासियों,श्रीगंगानगरवासियों
उड़ा,उदा
कैम्ब्रिज,कैंब्रिज
एआरवे,एयरवे
आईडोल,आइडल
कैल्यूम,कैल्यूमेट
आजमाना,आजमाना
तंत्रिकाओ,तंत्रिकाओं
जोनेसबोरो,जोन्सबोरो
बुद्धीजीवों,बुद्धिजीवों
क्लोजुप,क्लोज़अप
एनडीएमसी,एनएमडीसी
राष्ट्रपित,राष्ट्रपित
कमरहटी,कमारहाटी
असफॉल्ट,एस्फाल्ट
फ्रांसिस्को,फ्रांसिस्को
भाल्ला,भल्ला
मौलविदों,मौलवियों
नरवार,नरवर
लहलहती,लहलहाती
ब्यावा,ब्यावर
घटाएगी,घटाएगी
नामजदगी,नामजदगी
टकहह,तकः
सेवग्राम,सेवाग्राम
लामियाँ,लामियां
जीआईएन,जिन
स्वेछा,स्वेच्छा
अन्तदियां,अंतडियां
आर्या,आर्यो
पोलिशिंग,पॉलिशिंग
जोखीमाभरा,जोखिमभरा
उमाती,उमड़ती
तन्त्रा,तंत्र
समोआ,सामोआ
सीएसआई,सीएसआई
मंद्या,मांड्या
लावरी,लॉरी
पहंटे,पहनते
आंकोर,अंकोर
निम्नवत,निम्नवत्
रेपिंग,रैपिंग
रूपेश,रुपेश
प्रतिबद्धता,प्रतिबद्धाता
नादेप,नाडेप
सैलानीपन,सैलानीपन
मेन्रज्य,मेंराज्य
दाव,दाव
आबूरोड,आबूरोड
पथ्यक्रमों,पाठ्यक्रमों
निविदाताओं,निविदाताओं
गंधीपुरा,गांधीपुरा
फीवीएसएस,पीएचडब्ल्यूसीएस
नारायंगढ़,नारायणगढ़
जयलिता,जयललिता
सुसंस्कृत,सुसंस्कृत
मसूद,मसूद
वूंसॉकेट,वुनसोकेट
संस्क्रियां,संस्कृतियां
यूआरएफएफ,उर्फ
थेराटीपैली,थेराटीपल्ली
प्रतिनिद्देश,प्रतिनिर्देश
उल्हासपुर,उल्हासपुर
पहनते,पहनते
धावकों,धावकों
भागेध,भगेड़
प्रांसंगली,प्राणसंगली
जलवायू,जलवायु
भिजवाई,भिजवाई
सायरा,सायरा
क्रेंड्रन,क्रेन्द्रों
मौजूद,मौजुद
सिद्धांत,सिद्घांत
काम्युनिकेरर्स,कम्युनिकेटर्स
चिचदीपान,चिड़चिड़ापन
मुथूत,मुथूट
विवेकाधिकारों,विवेकाधिकारों
मलूँ,मलौन
सिनसीनैनी,सिनसिनाटी
रेगिस्तान,रेगिस्तान
परोसने,परोसने
विचारकों,विचारकों
जनभावान,जनभावना
अंदमन,अंडमान
बड्याल,बडयाल
मोर्पेन,मोरपेन
बीअर्ड,बियर्ड
नोदारानी,नोडरानी
दिखायी,दिखायेे
चिंक,छींक
व्याख्यात्मक्त,व्याख्यात्मकता
शैषाव,शैशव
आंठूथ,आइंथू
अहेमदाबाह,अहमदाबादः
जायके,जायके
सिग्निटी,सिग्निटी
कुरुक्षेत्र,कुरुक्षेत्र
प्रवृत्तियों,प्रवृत्तीयों
चर्चा,चर्चा
लक्ष्मीदन्र,लक्ष्मीचन्द्र
हैमोंड,हैमंड
निभागी,निभाएगी
धुनाई,धुनाई
जनभाव्न,जनभावना
केन्ट,कांट
मेलघाट,मेलघाट
म्यू,मुऐ
श्विंग,श्विंग
दंपत्य,दांपत्य
कपपाड़ा,कपड़ा
संताती,संतति
मानवतरहित,मानवटरहित
अनुप्रयोगी,अनुप्रयोगों
हरवे,हार्वे
काजू,काजू
सेरिटिस,सेररितोस
टेक्समाको,टेक्समैको
संचार,संचार
त्यू,ट्रुथ
लोजानो,लोज़ानों
रोपने,रोपने
हॉलीवुड,हॉलीवुड
छींके,छींके
धाम्मा,धम्मा
टेक्नप्लास्ट,टेक्नोप्लास्ट
पूजापथ,पूजापाठ
चनन,चानन
श्रंखलाओं,श्रंखलाओं
छेड़ना,छेड़ना
कार्बोजेन,कार्बोजेन
व्यवधधन,व्यवधान
शुल्ट्ज,शुल्ट्ज
इस्त्रेलियों,इस्त्राइलियों
स्क्वश,स्क्वाश
डानविले,डैनविल
प्राना,प्राना
ठाकरवादी,ठाकुरवादी
प्रयोगशास्त्र,प्रयोगशास्त्र
व्यक्तियों,व्यक्तीयों
मेट्रोलॉजिस्ट,मैट्रोलॉजिस्ट
मधुरा,मढ़ौरा
पलियों,पालियों
डेनवर,डेनवर
एपेजी,एपीजे
बेनी,बैनी
प्रतिस्थान,प्रतिस्थान
भ्रष्टााारियों,भ्रष्टाचारीयों
लकीर,लकीर
सुधारग्रह,सुधारगृह
संदली,संदली
जगरीति,जागृति
तलवार,तलवार
जनशिक्षा,जनशिक्षा
टपुवो,टापुओं
बुलेटीन,बुलेटिन
बल्लेबाजी,बल्लेबाज़ी
माधीखेड़ा,माड़ीखेड़ा
अर्थसात्र्रियों,अर्थशास्त्रीयों
स्केनिंग,स्कैनिंग
मेहमन,मेहमान
रहेगी,रहेगी
जमशेदपुर,जमशेदपुर
त्याहरों,त्यौहारों
दर्शाना,दर्शाना
बीचबाच,बीचबचाव
सुलती,सुलाती
वर्षण,वर्शन
सुधारती,सुधारती
वासामुक्त,वसामुक्त
पतिल,पाटिल
जेवाब,जेवाब
सोतो,सोटो
धटुएन,धातुएं
डोसे,डोसे
भागदौद,भागदौड
पगाबाधा,पगबाधा
अरुषी,आरुषि
अगुस्ता,अगस्ता
टीतान,टाइटन
इक्विटीज,इक्विटीज
अर्ेटल,एयरटेल
अलैप्स,ऐल्प्स
नकसाली,नक्सली
एचीवमेंट,अचीवमेंट
गलैगा,गलाएगा
फूडों,फूडॉन
राजनीची,राजनीचि
आर्या,आर्य
स्ट्रेमवुड,स्ट्रीमवुड
घोट,घोट
म्यूसिक,म्यूजिक
पुर्कायस्था,पुरकायस्थ
नोआरए,नोरा
टोनिक,टॉनिक
गुजारने,गुजारने
वाटर,वाटर
सुनसान,सूनसान
सिरसा,सिरसा
टंगीराला,टेंगीरला
हंसों,हेनसन
वरुन,वरुण
ड्राइजर,ड्रेजर
डौडाते,दौड़ाते
शरबों,शराबों
व्यक्तियों,व्यक्तीयों
सातसेरा,सातसेरा
दर्जनो,दर्जनों
अग्नियां,अग्नियां
धोना,धोना
कार्यक्त्र्यों,कार्यकर्त्रियों
ऐवस्थाएं,अवस्थाएं
हिमामानव,हिममानव
ट्वो,टु
एआईएल,ऐल
बनधुओं,बंधुओं
श्रद्धानों,श्रद्धावानों
मारियो,मारियो
व्यघघाट,व्याघात
मिइएल,माईकल
अद्रघ,अद्र्घ
विठ्ठल,विट्ठल
प्ररुप,प्रारूप
धूँढ़ती,ढूंढती
दुबाना,डुबाना
लडने,लडने
फॉर्म,फार्म
ज़ुआरी,जुवारी
परिवरवाले,परिवारवाले
पेरानमर्ल,पैरानॉर्मल
भुवनेशववप्रद,भुवनेश्वप्रसाद
आईआईआईएस,आईरिस
प्रतिज्ञापर्ण,प्रतिज्ञापूर्ण
लेबालों,लेबलों
श्रीकृष्णन,श्रीकृष्णन
स्निकारसे,स्नीकर्स
कैन,कईं
भूस्वामी,भूस्वामी
करता,कटरा
अनय,अन्याय
नोकारी,नोकरी
प्रिसनियन,प्रिसिशन
क्रॉम,क्रोम
जूए,जुए
बॉउलिंग,बोलिंग
पाट्टी,ताप्ती
केथॉलिकन,कैथोलिकों
नज़ानदाज़,नजरंदाज
मुलचंद,मूलचंद
स्वेचा,स्वेच्छा
नायौला,नन्यौला
घोंटाना,घोंटना
अद्वैतवाद,अद्वैतवाद
अंडरवूड,अंडरवुड
लुभाव्ण,लुभावना
पेट्रोसीली,पेट्रोसेली
अमदी,आमदी
रोपने,रोपने
डेसी,डेजी
जबाी,जबाबी
सीपी,कप
फाड़े,फाड़े
उलहना,उलाहना
उन्नतियों,उन्नतियों
मोलीना,मोलिना
गंडूचोभनोचासून,गांडचुभोनाचूसनाछोटे
हैन,हां
प्रदर्शन,प्रर्दशन
सरजूगा,सरगुजा
बिदर,बीदर
अमरगग,अमरगढ़
जुएे,जुए
टोंक,टोंक
देवापुर,देवापुर
इंटेलेंसे,इंटेलीजेंस
नीतियों,नीतियों
खनौड़ा,खनौदा
पोरबंदार,पोरबंदर
सीम,सिम
लग्नेश,लग्नेश
गायिकाओ,गायिकाओ
पृष्ठामूधियों,पृष्ठभूमियों
मूलचंद,मूलचंद
सिलचार,सिल्चर
मार्गरिता,मार्गरिटा
उदकीशुंज,उदाकिशुनगंज
सिरती,सिरती
यामला,यमला
प्रशिक्षु,प्रशिक्षु
सियरा,सिएरा
आलहा,आल्हा
पीसी,पेक
तसखीर,तसखीर
डाका,डाका
नॉमिनेट,नॉमिनेट
सपत,सपाट
कॉम्बेटर,कोयम्बटूर
कोरापूत,कोरापुट
स्वात्त्सन,स्वायत्तशासन
विद्युतीकृत,विद्युतीकृत
किकियाना,किकियाना
अरुणाई,अरुणाई
रिगल,रीगल
डायमोंड,डायमंड
मृदुभाषी,मृदुभाषी
वाल्टर्स,वाल्टर्स
सुत्रपाद,सूत्रपाडा
कीती,कीति
ज़िलाधिकारी,ज़िलाधिकारी
मंगेश,मंगेश
पेन्शन,पेंषन
लगनेवाले,लगनेवाले
जिलावसियों,जिलावासियों
प्लॉस्की,प्लोस्की
एकसाथ,एकसाथ
सेखर,सेखर
डोओ,डीओडब्ल्यू
अर्धवििश्वास,अर्धविश्वास
राजस्थान,राजस्थान
विकाखखण्ड,विकासखण्ड
समशयों,संशयों
बढ़ना,बढना
क्लैसन,क्लासों
इखरुल,उखरुल
फ़ररामे,फुरामे
एबाज़,एबज
बाताया,बाताया
जुशन्तन,जुशान्तान
स्ट्रॉंग,स्ट्रॉन्ग
राजनीतिकरण,राजनीतिकारों
पानीपत,पानीपत
ब्लैंकार्ड,ब्लांकार्ड
झबुआ,झाबुआ
जेसिंटो,जकिंटो
बारहसिंगा,बारहसिंगा
सुचनाह,सूचनाः
इलेक्ट्रोमैकिक,इलेक्ट्रोमैजिक
लालमणि,लालमणी
भौलाल,भाऊलाल
कठुआ,कठुआ
पलारी,पलारी
अमिताओ,अमिताव
तदन्स्रीत,तदंरुस्ती
वाबस्ता,वाबस्ता
वीएलएडी,व्लाद
स्लैश,स्लैश
वाटरबरी,वाटरबरी
सेल्फी,सेल्फी
लुइस,लुईस
पंचासूत्र,पंचसूत्र
आर्यामा,अर्यमा
वादक,वादक
जक््न,जंक्शन
जेनरिक,जेनरिक
जिया,जिया
अडेन,एडेन
सॉफनर,सॉफ़्नर
क्विगवा,क्यूडब्ल्यूवीजीए
ध्वनिमिकों,ध्वनिमिकों
फीड्स,फीड्स
सुकड़याल,सुकडि़याल
अंगढ़,अनगढ़
बावजी,बावजी
छोड़ए,छोडिये
सीआईपीएलए,सिप्ला
विज्ञानों,विज्ञानों
ढस्माना,धस्माना
लोंगेवाल,लोंगोवाल
बदाम,बदाम
अत्रेक्त,अट्रैक्ट
सराहा,सराहा
नृत्यशैली,नृत्यशैली
सँवारी,संवरी
यक्षाधिपति,यक्षाधिपति
अराबपतियों,अरबपतियों
मुकद्दमों,मुकद्दमों
फोड,फोड़े
सिहंता,सिहुंता
जीवन,जीवन
धूँढता,ढूंढता
स्रूसेस,क्रुसेस
कार्यक्त्र्यों,कार्यकर्त्रियों
प्रतिबद्धताएँ,प्रतिबद्धताएं
डलएलवी,डीएलडब्ल्यू
प्लान,प्लेन
पैलोट,पायलट
अधिवास,अधिवास
फ़न,फैंन
फाववारा,फव्वारा
हलचाल,हालचाल
विश्ववीर,विश्ववीर
क्रेस्ट,क्रेस्ट
ब्रह्मलीन,ब्रह्मलीन
विरेचन,विरेचन
याद्ाश्ता,याद्दाश्त
उज्जान,उज्जैन
सह्यात्रे,सहयात्री
जिम्मे,जिम्मे
सारावागी,सारावागी
देखिएगा,देखियेगा
वजूद,वजूद
कुंडल,कुंडल
आआआईए,रिया
स्लाइडर,स्लाइडर
मेनजमेंट,मैनेजमेंट
कार्यकार्कार्ताओं,कार्यकार्यकर्ताओं
क्रिस्टिस,क्रिस्टिस
रक्ते,रुकते
डिस्ट्राब्यरट्स,डिस्ट्रब्यूटर्स
स्पेल,स्पेल
दामापर,दमपर
ठिकाने,ठिकाने
इंटरक्चुअलिटी,इंटरटेक्चुअलिटी
डैडान,सीडीयां
साउथ,साउथ
आपका,आपका
नहीनकारवाए,नहींकरवाई
जागृति,जागृति
चूढ़े,चूड़े
थर्टी,थर्टी
नदसा,नक्सल
जीएसएम,जीएसएम
गुजरत,गुजरात
दर्शनर्थी,दर्शनार्थी
नभा,नाभा
धोकेबाज,धोखेबाज
लेगा,लेगा
बीअएीएटी,बीआईआईटीएम
सोमवार,साेमवार
वानों,वाणों
औध्योगिकरण,औद्योगिकरण
अग्रहरी,अग्रहरि
आएफए,आफॅ
टीमारदारों,तीमारदारों
मिसरा,मिश्रा
सेरेब्रा,सेरेब्रा
नाग्रिक,नागारिक
दस्तार,दस्तार
मकरह,मकरः
जीटीआर,जीतोड़
बैलिस्टिक,बैलिस्टिक
चढ़ेगा,चढ़ेगा
मांगे,मांगे
निलभ,नीलाभ
मेंशराब,मेंशराब
सिंघडे,सिंघाड़े
हिसारह,हिसारः
रामकोट,रामकोट
बैठते,बैठते
तसखीर,तसखीर
ईषारा,इशारा
सोलापुर,सोलापुर
मेजबानी,मेजबानी
फ्लॉरेंस,फ्लोरेंस
परामर्शक,परामर्शक
झाड़े,झाड़ने
थीटर्स,थियेटर्स
आदान,आदान
एम्बिएनस,आंबियंस
सुरक्षाह,सुरक्षाः
हिकारिको,हिकारिको
बाँया,बांया
रूकवाई,रुकवाई
मित्रावत,मित्रवत
बोकारो,बोकारो
मौर्य,मौर्या
प्रतिनिधिकारी,प्रतिनिधिकारी
चंद्रमाओं,चंद्रमाओं
पारोसने,परोसने
धैया,ढैया
स्पाइरिट्स,स्पिरिट्स
लिंड्रो,लियान्ड्रो
सीअन,शॉन
स्वर्थपरक,स्वार्थपरक
चुच्याँ,चूचियां
महामिदिया,महामीडिया
पूर्वजन्मों,पूर्वजन्मों
शोहदपंती,शोहदापंती
कुशां,कुषाण
जमलोकी,जमलोकी
एवरेस्ट,एवरेस्ट
तस्वारों,तस्वारों
अद्विवास,अधिवास
प्रेमलाता,प्रेमलता
मुरीतेटा,मुर्रिएटा
वैमनस्य,वैमनस्य
केली,केली
टिनप्लेट,टिनप्लेट
वाँ,वाण
महामंत्र,महामंत्र
मेज़ााँ,मेजबान
शुमाली,शुमाली
फुलाए,फुलाए
प्रूत,प्रूट
रॉजवेल्ट,रुजवेल्ट
प्रशासनिक,प्रशासनिक
उलज़ानों,उलझानों
पत्रकारवर्ता,पत्रकारवार्ता
दुअर,दुआर
काठफोदेव,कठफोड़वे
बायपिन,बिपिन
ओफरहर,ऑफरः
इसायियों,ईसाइयों
प्रोपलेंट,प्रोपेलेंट
कनसाई,कंसाई
सिखिन,सीखीं
सीडीसीएल,सीडीसीएल
अब्टोट्,एबोट
कटलारी,कटलरी
आदिवादियों,आदिवादियों
चित्रकथा,चित्रकथा
अवशिष्ट,अवशिष्ट
फ्यूचरचिक्टिक,फ्यूचुरिस्टिक
तेरीह,तेरीः
नन्हे,नन्हें
अवेरी,एवरी
सुबा,सूबा
शाखयएं,शाखाएं
त्रिकल्दररी,त्रिकालदर्शी
पालसाही,पालसाही
फैलैये,फैलाइए
झौवा,झउवा
जमती,जमाती
जनहानी,जनहानि
पोंडिंग,पोंडिंग
तस्वरों,तस्वारों
देशकाल,देशकाल
हिचकिचा,हिचकिचा
बस्तीह,बस्तीः
गरीबी,गरीबी
फड़फाएं,फड़फड़ाएं
सीताराम,सीताराम
केमेरे,कमेरे
बैरापुर,बैरकपुर
स्वांस्विक्रत,स्वयंस्वीकृत
कासोवो,कासोवो
मजबूरी,मज़बूरी
कनववेकेशन,कन्वोकेशन
स्किपर,स्किपर
जैपुर,जयपुर
प्रस्थानों,प्रस्थानों
नर्म,नरम
रेडियोप्रामी,रेडियोप्रेमी
तितागढ़,टीटागढ़
चिको,चिको
राज्यमंत्रवेत्त्र,राज्यमंत्रीस्वतंत्र
मैनवाल,मैनवल
गुजारना,गुजारना
सतलूज,सतलुज
जातियों,जातियों
अंहोनी,अनहोनी
टेलिलिंक्स,टेलीलिंक्स
लैब्स,लैब्स
हरावाल,हरावल
मैरिएज,मैरेज
मनिया,मनिया
ट्रेक्टर्स,ट्रैक्टर्स
कंचान,कंचन
लैरी,लैरी
कार्यावधी,कार्यावधि
जलभराव,जलभराव
भादा,भाड़ा
बागोरा,बागोरा
पीगा,पिएगा
स्टेफेन्स,स्टीफेंस
अभिमत,अभिमत
एस्ेलिया,एक्सेल्या
वायरलेस,वायरलेस
चौडा,चौड़ा
परभानी,परभणी
खाटेदार,खातेदार
बढ़ना,बढना
बर्च,बर्च
उपद्रवों,उपद्रवों
टिकियों,टिकियों
मिल्क,मिल्क
दुबोना,डुबोना
बकेर,बेकर
सुताली,सुतली
बुद्धराम,बुद्धाराम
विल्थ,वेल्थ
पत्रानी,पटरानी
अर्धवििश्वास,अर्धविश्वास
पीम,पैम
कैस्टेनाडा,कास्टानेडा
बलजीत,बलजीत
भटनागर,भटनागर
जाकों,जातकों
एक्यूडोर,इक्वाडोर
स्वर्गडूत,स्वर्गदूत
रुशिकुल,ऋषिकुल
टेटे,टेट
कंठर,कंठहार
बेउलद,बेऔलाद
यूरोपीया,यूरोपिया
गाये,गए
दाद्रेवा,ददरेवा
बिखेरने,बिखेरने
हैमलो,हमलो
पडकाए,पकड़ाए
उपलब्धियों,उपलब्धियों
कोलोरोडो,कोलोराडो
पैकर्ड,पैकर्ड
जगरूति,जागृति
आंध्रा,आंध्रा
चौंकते,चौंकाते
बेखवाबियां,बेख्वाबियां
नफा,नफ़ा
सिन्हा,सिन्हा
उत्पीडन,उत्पीडऩ
सागा,सागा
आर्या,आर्य
दिखाइय,दिखाइये
अनिष्टता,अनिष्टता
उददन,उड़ान
संयुक्तावासाठा,संयुक्तावस्था
शाम्तल,शमलात
एवावा,एवव
अधिवकततागन,अधिवक्तागण
रलहन,रल्हन
झुठलने,झुठलाने
पूर्वाभास,पूर्वाभास
बिजेन्द्रसिंह,बिजेन्द्रसिंह
चिनमनी,चिनमणि
लोकसभावाली,लोकसभावाली
लड़की,लड़की
नरसिंघर,नरसिंहगढ़
संघठनमाथ्रियों,संगठनमंत्रियों
रूपी,रूपी
कार्यकर्ताओं,कार्यकर्ताओं
आगुस्ता,अगस्ता
मन्मर्जी,मनमर्जी
अंत्रमुख,अंतर्मुख
अनुमार,अनुमार
रिष्टना,रिश्तानाता
द्वियार्थी,द्विअर्थी
चूटीले,चुटीले
हैटिस्सुर्ग,हैटीज़बर्ग
उयजी,यूजी
राज,राज
रेगुलीइजेशन,रैगुलाइजेशन
विंध्य,विंध्या
फिक्सिंगह,फिक्सिंगः
कमजोर,कमज़ोर
भारा,भरा
चौधावन,चौदहवां
फलने,फलने
श्रुंखला,श्रंखला
विपन्नता,विपन्नता
प्रूफ्रेड,प्रूफ़रीड
ज़ाना,ज़माना
घटाएगी,घटाएगी
डांगा,दंगा
एरिका,एरिका
भोला,भोला
व्याख्यात्मक्त,व्याख्यात्मकता
योजनाह,योजनाः
वेबुनियादी,वेबुनियादी
रुमानी,रुमानी
साहू,साहू
प्रधानगर,प्रधाननगर
सीटल,सीऐटल
स्टेन,स्टैन
इनसानी,इनसानी
हमला,हमला
नुत्रियो,न्यूट्रियो
लडाद्द,लदड
अन्तदियां,अंतडियां
कुशवाहा,कुशवाहा
कॉचचीह,कोच्चिः
गणपथी,गणपति
फरमिक,फार्मिक
पड़ेंगी,पड़ेंगी
आर्थ,अर्थ
मुकररर,मुक़र्रर
निपटाकर,निपटाकर
हॉलिडेय,होलिडेस
कूच,कूच
उत्थक,उठ्ठक
सुलखान,सुलखान
कमेरे,कमेरे
जयगेगा,जगाएगा
सन्त्री,संत्री
शख्सीयतें,शख्सियतें
पंचांग,पंचांग
ज़ाना,झालाना
नित्य,नित्या
इच्छी,इच्छी
हैब्रा,हाबरा
पालियों,पालियों
एजोस्पर्मिया,एजूस्पर्मिया
ताविज,तावीज
फूडवर्क्स,फ़ूडवर्क्स
ग्रहम,ग्राहम
प्रभानमंत्री,प्रभानमंत्री
सेथ,सेथ
जग्तप,जगताप
हर्षित,हर्षित
डुबना,डूबना
रक्तदाताओं,रक्तदाताओं
मेक्सी,मेक्सिको
तसीर,तासीर
आयरकंदिकरण,एयरकंडीशनर
एडी,एड्डी
मैकॉन,मैकॉन
इसरानी,इसरानी
एंटी,ऐंठ
श्रीमहपूर्ण,श्रीमहापूर्ण
डोर्क,डॉर्क
जीनों,जीनों
घरीबों,ग़रीबों
तराशकर,तराशकर
ओब्सरर,ऑब्जर्वर
आर्या,आर्यो
उखड़,उखड
साथसाठ,साथसाथ
पैकागन,पैकेजों
हिंदों,हिंडन
अपृहरी,अपरिहार्य
मंजील,मंजिल
एलएक्स,एलएक्स
करववी,कर्वी
दुभाषियों,दुभाषियों
ऋिकन्ेकिंग,रिकनेक्टिंग
विंद,विंड
क्लाइंट,क्लांइट
शरारत,शरारत
वेंटुरा,वेंचुरा
रॉलिंस,रोलिंस
हेनेस,हैन्स
निकेतन,निकेतन
क्रांतियों,क्रांतियों
ट्वीन,ट्विन
दिव्य,दिव्य
गिडगिडेट,गिड़गिड़ाते
निग्मायुक्त,निगमायुक्त
गबली,गबली
नोवतो,नोवाटो
रिश्वतखरर,रिश्वतखोर
फाँसी,फांसी
गर्जना,गर्जना
निहलानी,निहलानी
पिंटा,पिंटा
ग्रीर,ग्रीर
लेविसिवल,लेविसविल
प्रकाशित,प्रकाषित
क्लारियंट,क्लैरिएंट
खायल,क़ायल
द्वियार्थी,द्विअर्थी
राखे,राखे
बुलंदशाहर,बुलंदशहर
स्टैफर्ड,स्टेफोर्ड
नजारियों,नजरियों
वर्ल्ड,वर्ल्ड
जीवनियाँ,जीवनियां
परमेश्वरपुर,परमेश्वरपुर
उठनी,उठनी
न्यूत्रियो,न्यूट्रियो
जेठा,जेठा
बाबगेगों,बागबगीचों
सुचिकित्सा,सुचिकित्सा
नगमंडल,नागमण्डल
प्रदाधिकारियों,प्रदाधिकारियों
उर्वरता,उर्वरता
नीएलएल,नील
क्रिपटोक्रुस्चेन,क्रिप्टोकरेंसियों
स्वात्त्सान,स्वायत्तशासन
ज़दर्ा,जर्दा
उपलक्ष्य,उपलक्ष्य
छुड़वाया,छुड़वाया
विदगढा,विदग्धा
मुख्यमंत्रीपताना,मुख्यमंत्रीपटना
जेन,जैने
रतनपुर,रतनपुर
म्हाम,महानतम
गुना,गुना
मेटक,एमटेक
डेनेवाली,देनेवाली
नाभिकुंड,नाभिकुंड
विशेषणों,विशेषणों
लंगरों,लंगरों
पॉलिथेनो,पॉलिथीनों
संबित,संबित
ढूंध,ढूंढ
हाँ,हां
तकरा,टकरा
धंधेखोरी,धंधेखोरी
पुलिंदे,पुलिंदे
एपोकलिप्स,एपोक्लिप्स
विज्ञानीपदयय,विज्ञानपीडिया
महोनी,महोनी
पूंजीतंत्र,पूंजीतंत्र
खरे,खरे
एक्स्टैक्टर,एक्सटेक्टर
जुन्हेबोटो,ज़ुन्हेबोटो
प्रियामणि,प्रियामणि
सवाल,सवाल
सुखाकर,सूखाकर
आलोचक,आलोचक
फ़ाँस,फाँस
जयलीता,जयललिता
अमझेरा,अमझेरा
बों्बे,बॉम्बे
व्याग्रा,व्यग्र
अपनानी,अपनानी
रिसने,रिसने
छुरे,छुरे
चार्टलटे,शार्लेट
जोसे,जोस
रैलीह,रैलीः
मेजबां,मेज़बान
धनधन्य,धनधान्य
डाबूर,डाबर
बीएसएसएस,बीएसएसएस
नजीब,नजीब
अवस्थये,अवस्थाएं
जबलपुर,जबलपुर
धर्मनिरपेकताके,धर्मनिरपेक्षताके
फररमर,फार्मर
एनएसीएल,एनएसीएल
सोमरविल,समरविल
बुल,बुल
झुलए,झुलए
खग्यार,खग्यार
मेहराम,मेहराम
धस्मना,धस्माना
रिपन,रिपन
भगदौद,भागदौड़
मिथ्य,मिथ्या
ललानिया,ललानिया
भुलों,भूलों
वडाली,वडाली
नगपप्तिनम,नागापट्टिनम
वैमन्य,वैमनस्य
बिगेस्ट,बिगेस्ट
जोड़ता,जोड़ता
महत्तरों,महत्तरों
ओर्छा,ओरछा
धैर्यवां,धैर्यवान
सुंद,सूंड़
प्रिंस,प्रिंस
ज़ूबन,ज़ुबान
कामस्टीडियो,कैमस्टूडियो
यूरोपिया,यूरोपिया
मेजा,मेज़ा
भूसावाल,भुसावल
गयत्री,गायत्री
वायर,वेयर
बुद्धीजीवों,बुद्धिजीवों
एन्थ,ऐंठ
रदार,रदर
इलायाची,इलाइची
उबाल,उबाल
श्रीगंगंगरावासियों,श्रीगंगानगरवासियों
फिटगैरलैड,फिजराल्ड़
जीवनशैली,जीवनशैली
चार्ट,चार्ट
सार्गी,सरगी
वेडों,वेदों
मुरमूर,मरमर
भाटे,भाते
विपखा,विप्ख
बयाने,बयाने
मदनगंजा,मदनगंज
पैकेजन,पैकेजों
वर्णकर्ताओं,वर्णनकर्ताओं
ज्याडा,ज़यादा
लोकोत्सव,लोकोत्सव
तेवरी,तेवरी
झौगंज,झाउगंज
मालवान,मालवान
तादरस्ती,तदंरुस्ती
ईएल,ऐल
क़्ब्ज़ा,क़ब्ज़ा
सुसंस्कृत,सुसंस्कृत
संधोल,संधोल
आमरीयापा,आमरियापाड़ा
हाब्बान,हाब्बन
बॉउलिंग,बाउलिंग
रसमे,रस्मे
एमडड्यूबललल,एमडब्ल्यूपीएल
विधाओं,विद्याओं
बौवी,बोवी
चेन्नाई,चेन्नई
कमलजीत,कमलजीत
सिंघा,सिंहा
पेनसिंधारियों,पेंशनधारियों
बरहह,बारह
दुबाना,डूबना
इसेटल,एसेटल
चौहन,चौहान
फालने,फलने
सिद्धारथाह,सिद्धार्थः
एपीक्स,एपेक्स
दल्टन,डाल्टन
श्रीखण्ड,श्रीखंड
टेक्स्टाललस,टेक्सटाइल्स
अगरवाल,अग्रवाल
मिथ्याचारियों,मिथ्याचारियों
सेमेंट,सिमटे
क्राँफ्रेंसिंग,क्रान्फ्रेंसिंग
संस्क्रियों,संस्कृतियों
धनककर,ढंककर
निज़ामाद,निज़ामाबाद
छटीनी,छतेनी
दुश्क्रिया,दुष्क्रिया
ससाराम,सासाराम
चिधते,चिढ़ते
लंबा,लाम्बा
लॉटिस,लउटिस
खाएन,खाएँ
ध्धंधे,धंधे
अन्तययंत,अन्त्यन्त
मैएएएसएस,मास
बारामद,बरामद
क्रेमिस्ट्री,क्रेमिस्ट्री
उठानेवाले,उठनेवाले
लहना,लहना
सिरागिटी,सिरगिट्टी
कन्ट्रोल,कंट्रोल
अंदाजी,अंदाजी
कैटेलाइन,कैटलिन
पक्षपत,पक्षपात
फोडो,फोड़ों
फ्रैंसिका,फ्रांसिस्का
प्रयोगाप्रुथ,प्रयोगपृष्ठ
क्रांतिधारा,क्रांतिधरा
दैशवाला,डैशवाला
खुरासन,खुरासान
क्वार्टाइन,क्वॉरेनटाइन
फॉंड,फोंड
पक्षपत,पक्षपात
पुत्ता,पुतला
ट्रथ,ट्रुथ
साथसाथ,साथसाथ
मोहिम,मोहिम
जोहनसों,जॉनसन
सीपीएम,सीपीएम
बटाया,बाताया
पालमेर,पाल्मर
तुघलाकाबाद,तुगलकाबाद
अपोकेट्स,एपकोटेक्स
हैराम,हैरम
सरेबाजर,सरेबाजार
जेरुसेलम,येरुशलम
मोल्ड,मोल्ड
वर्णकर्ताओं,वर्णनकर्ताओं
हूपर,हूपर
वाटर्स,वाटर्स
लुभाते,लुभाते
फेफडा,फेफड़ा
कमोत्तेजन,कामोत्तेजना
डामपती,दंपति
सोया,सोया
बरबर्तरपूर्ण,बर्बरतापूर्ण
ताडीपर,तड़ीपार
लटट,लुत्फ
तारिको,तरीको
चटा,चता
पिट्टन,पिटमैन
पहला,पहला
मल्टीमीडिया,मल्टीमीडिया
त्योहर,त्यौहार
लेबेल,लेबल
ल,ले
तिर्थनत,तीर्थाटन
सतुआ,सतुआ
वर्गस,वर्गस
डबोलिम,डाबोलिम
सूचनाह,सूचनाः
लैबलिंग,लेबलिंग
रोज़विल,रोज़विल
फाइब्रेट्स,फ़ाईब्रेट्स
आल्टो,ऑल्टो
पार्टीनी,परतानी
अस्मिताओं,अस्मिताओं
वांट,वांट
तड़पती,तड़पती
पेटेल,पटेल
काजी,काजी
दोस्तानूर्ण,दोस्तानापूर्ण
क्षेत्रों,क्षेत्राें
लिंच,लिंच
स्टेट,स्टेट
रागों,रागों
मलहोत्रा,मल्होत्रा
प्रज्ञातंत्र,प्रज्ञातंत्र
डुअनर्ति,दुर्नीति
क्रोसे,क्रॉस
अव्यसायी,अव्यवसायी
धिर्यावां,धैर्यवान
टीइम,टाइम
आशारिरी,अशरीरी
चन्द्रदास,चन्द्रदास
ज्योतिषी,ज्योतिषि
एलेकेंड्रिया,एलेक्जेंड्रिया
बेवाकूफाना,बेवकूफाना
सिरपुर,सिरपुर
उज़बेक,उज़्बेक
खरुवार,खरुवार
धर्मविहीनता,धर्मविहीनता
सुरेन्द्रनगर,सुरेंद्रनगर
आल्हा,आल्हा
अरुणाचल,अरुणाचल
क्रूगर,क्रुएगर
बागली,बागली
दविंद्पारल,दविन्दरपाल
चप्लूसी,चापलूसी
संस्कारियों,संस्कारियों
एंजीन्स,इंजन्स
मेंडेज,मेंडेज़
सियाह,सियाह
गुजारने,गुजारने
गजारा,गजरा
कवी,कवि
मिड़ापोर,मिदनापुर
व्रट्टन,वृत्तों
सिरमों,सिरमोन
वार्टमैन,वर्तमान
उभ्रेगा,उभरेगा
पिलोट,पायलट
नरभक्षी,नरभक्षी
ऐंट्रीक,एंट्रीक्स
डेयतों,डेटन
बदू,बडू
अलराउंडर,ऑलराउंडर
निश्रा,निश्रा
वढ़ान,वधावन
जेनसेन,जेन्सन
पाली,पाली
त्रिमासिक,त्रैमासिक
आत्रेक्ट,अट्रैक्ट
वविद्यालय,वविद्यालय
चण्दन,चंदन
मेगा,मेगा
मैनसफील्ड,मैन्सफील्ड
मत्तांचेरी,मट्टानचेरी
नवकेतन,नवकेतन
कामतर,कमतर
पित्यूनिया,पिट्यूनिया
पुरोषत्पुम्र,पुरूषोत्तमपुर
तपन,तपन
जुबान,ज़ुबान
इन्सीडरल्यीसी,एनसीआरडब्ल्यूसी
हैंबालिन,हैम्बलिन
आराम,आराम
यशपाल,यशपाल
वोखा,वोखा
छेतरी,छेत्री
ओमकेंक,ओमैक्स
परवीन,परवीन
कुक्रेजा,कुकरेजा
प्रेम्पहाल,प्रेमफलः
नर्मी,नरमी
शृंखलाओं,श्रंखलाओं
अवरोधक,अवरोधक
टीरों,तीरों
गणेशा,गणेशा
झड़ा,झाड़ा
अनुपमा,अनुपमा
तलाबगार,तलबगार
बिंदल,बिन्दल
ज़वाला,ज़वाला
आमरीयापा,आमरियापाड़ा
प्रतिनिधिकारी,प्रतिनिधिकारी
हलमतपुरा,हलमतपुरा
बूदम,बूदम
मेशियाज,मैकियास
मेडीकल,मेडीकल
रिस्पेक्टिंग,रिस्पेक्टिंग
रांजकता,रंजकता
डीए,दा
सक्शन,सक्शन
भूमी,भूमी
त्योहरों,त्यौहारों
रंगते,रंगते
उत्तरा,उत्तरा
पेनशंधारियों,पेंशनधारियों
कार्यकर्ताओं,कार्यकर्ताओं
विद्याओं,विद्याओं
दफन,द़फन
सरहिंद,सरहिंद
खासकर,ख़ासकर
रेथ,रैथ
गुड़ाँगव,गुडगौंव
सहब,साहब
उदानों,उड़ानों
मजेस्को,मेजेस्को
पुष्पा,पुष्पा
केशरी,केशरी
बों्बी,बांबी
कार्गिल,कारगिल
टाकरा,टकरा
बिजी,बिजी
क्रोम,क्रोम
स्टिथी,स्तिथि
गुल्फ,गल्फ
कालोवनासियों,कालोनीवासियों
आवृतियों,आवृत्तियों
सुहनुभूति,सुहानुभूति
चमच,चमच
विरोधासभी,विरोधाभासी
साभार,साभार
अल्कार्जो,ऑलकार्गो
हराना,हारना
अव्यसायी,अव्यवसायी
प्रविंसेज,प्राविंसेस
छेठ्ठरी,छेत्री
प्रतिष्ठि,प्रतिष्ठी
सापा,सपा्
पटकी,पटकी
परच्चियों,पर्चियों
प्रतिवद,प्रतिवाद
लिफाफा,लिफ़ाफ़ा
दर्शना,दर्शाना
गैरीसन,गेरीसन
आकंडों,आकंड़ों
धन्डों,धंधों
दिस्ट्रीटरीबरय,डिस्ट्रीब्यूटरी
खतरी,खत्री
पंजिका,पंजिका
बातः,बातः
रावले,रावले
कांगन,कंगन
प्रेमात्मक,प्रेमात्मक
सिपाही,सिपाही
नोटेबिंदुशा,नोटबंदीशुदा
देवलाहा,देवलहा
हल्ला,हल्ला
झमातें,ज़मातें
मैसी,मैसी
उसक,उसक
पिताहः,पितामह
विवरणभररतीय,विवरणःभारतीय
नेगरकॉलि,नागेरकोइल
लखखी,लख्खी
अछी,अच्छी
सतिन,सैटिन
नागपुर,नागपुर
बसीरहट,बसीरहाट
छेलाई,छेलै
उबरकर,उबरकर
संयुक्तवस्था,संयुक्तावस्था
सुरी,सूरी
भपाई,भपाई
व्यक्तिगत,व्यक्तिगत
महथिर,महाथिर
फ्लेश,फ्लेश
राष्ट्रक,राष्ट्रक
राजभाई,राजभाई
होंग,हॉन्ग
लांग्रों,लंगरों
सुभाय,सुभाय
फंड,फंड
फ्लाइवर्स,फ्लावर्स
उठेन,उठने
बड़ा,बडा़
मिशरा,मिश्रा
शत,षट्
मंहत्तान,मैनहट्टन
सरगुजा,सरगुजा
इवेनिंग,ईवनिंग
ग्रहणकाल,ग्रहणकाल
बगाी,बागली
नीयू,नीऊ
मुंडवा,मुंडवा
तोलासन,तोलासन
जेडाटीफास्ट,जेडटीईसाफ्ट
नागमंडल,नागमण्डल
कनाल,कनाल
मचिलीपत्नम,मछलीपट्टनम
फेलिक्स,फेलिक्स
हस्ताक्षरों,हस्ताक्षरों
भीलाई,भिलाई
कान्ट्रेक्टिंग,कॉन्ट्रेक्टिंग
क्रार,क़रार
जौन,जौं
भालू,भाालू
फोर्टिस,फोर्टिस
गिरीजघरों,गिरजाघरों
जैनों,जैनों
अर्थव्यवस्थाह,अर्थव्यवस्थाः
ओक्सीस,ऑक्सीज
खितबों,खिताबों
एंका,एनका
चश्मा,चष्मा
बटाओ,बताअाे
घ्रुटकुमारी,घृतकुमारी
प्रेटसेेंट,प्राटेस्टेंट
बउअर,ब्युर
लक्ष्मीधर,लक्ष्मीधर
सियासी,सियासी
उपयोग्वातियों,उपयोगितावादियों
टूगा,टूगा
समदज़ियों,समाधियों
खुरपाका,खुरपका
कुमावत,कुमावत
एमवीपी,एमडब्ल्यूपी
सुराज,सूरज
न्यूरोसिसिंटिस्ट,न्यूरोसाइंटिस्ट्स
चंद्रश्वरनगर,चंद्रेश्वरनगर
तानिश,टैनिस
फरुखरनगर,फर्रूखनगर
आवाजों,आवाज़ों
नजराने,नजराने
पशुचारा,पशुचारा
वेबुनियादी,वेबुनियादी
डेनबी,डेनबरी
नाइदीली,नईदिल्ली
छाल्ला,छल्ला
रोवान,रोवन
शेओपुर,श्योपुर
रावलानी,रव्लानी
सँवरी,संवरी
ढाक,धाक
मासे,मस्से
इन्सरनेंस,इंश्योरेंस
संप्रभूता,संप्रभुता
राष्टरा,राष्ट्रा
जौहरी,जौहरी
जुड़ाई,जुदाई
बदमाशों,बदमाशाें
खिताबों,खिताबों
स्वयं,स्वयँ
आगह,आग़ा
धिनधवाल,ढिंडवाल
घीसे,घिसे
सप्पानवाली,सप्पांवाली
निखारें,निखारें
बाधित,बाधित
ब्रह्मपुर,ब्रह्मपुर
बेटोवन,बैटाउन
कोलिंग,कोलिंग
समाधियों,समाधियों
यूनियांवाडी,यूनियनवादी
छापेमर,छापेमार
गरीबों,ग़रीबों
थाउंसद,थाऊजेंड
दसीला,डसीला
कंजेनवेटाइजी,कंजेंटेवाइटिस
बढ़ाओं,बाधाओं
लागेगा,लगेगा
दुरघटना,दुर्घटना
नितियों,नितियों
पाधधारी,कैपधारी
आतरी,अत्री
सिंगम,सिंगम
वास्त्विक,वास्तविक
सबस्टेंस,सबस्टेंसिस
पीलेपन,पीलेपन
उठनी,उठनी
हंडिया,हंडिया
प्रतिरक्षि,प्रतिरक्षी
लालकर्ता,ललकारता
दुकानों,दुकानों
निविदाताओं,निविदाताओं
सर्वजातीय,सर्वजातीय
नरसंहरों,नरसंहारों
नीमथाना,नीमकाथाना
हेरेरा,हेरेरा
जुनून,जुनून
इके,इकाई
जगदलपुर,जगदलपुर
स्विफ्टल,स्विफ्टलेट
जलगती,जलगति
पिट्स,पिट्स
रोपी,रोपी
आडांगा,अड़ंगा
अलासी,आलसी
चौकियां,चौकियां
लेट्न,लेटन
वक्रेंगी,वकरंगी
डिवलपमेंट,डेवलपमेंट
शानी,शॉनी
पर्डेसियों,परदेसियों
भूगोल,भूगोल
बागीची,बगीची
शिवान,सिवान
स्ट्रे,स्ट्रे
आएलसी,आलसी
वीयू,व्यू
विषिण,विषहीन
किसाईगोई,किस्सागोई
महानिदेशक,महानिदेशक
चिकित्सावम,चिकित्साएवं
भट्टाचार्य,भट्टाचार्य
ट्रेनटन,ट्रेंटन
कन्याएँ,कन्याएं
प्रियादर्शिनी,प्रियदर्शिनी
हुखूख,हुक़ूक़
शुलकाह,शुल्कः
राने,राणे
महाविद्य,महाविद्या
संश्यों,संशयों
श्रेणीह,श्रेणीः
ओडोम,ओडोम
बेनेटिज,बेनिटेज़
त्योहर,त्यौहार
मतियाना,मतियाना
शाव्यात्र,शवयात्रा
रिश्टे,रिश्ते
रहाना,रेहाना
क़एसएस,क्यूएसएस
अनावश्यक,अनावश्यक
रिझाया,रिझाया
ब्रागडे,ब्रिगेड
सपने,सपने
चुनीं,चुनीं
कोषाधिकारी,कोषाधिकारी
करब,करब
पाल्टने,पलटने
करनेश्वरर्ध,कर्णेश्वरधाम
आर्यनस,आर्यनस
प्रतिष्ठनों,प्रतिष्ठानोंं
कराइकल,कराईकल
उसकी,उसकी
विप्रीता,विपरीतता
परिक्षाओ,परीक्षाओ
फ्यूजी,फ्यूजी
लामिनार,लामिनार
जुटाी,जुटाती
कौशिक,कौशिक
बेकाबूू,बेकाबू
नानो,नैनो
ओरिसा,ओडिसा
टोमर,तोमर
रोपी,रोपी
थप्पाधाभी,थप्पड़बाज़ी
बाबत,बाबत
अटाहसा,अट्टहास
कोलन,कोलन
प्रतिलीतर,प्रतिलीटर
भूसी,भूसी
हलिया,हलिया
उत्पीदन,उत्पीडऩ
पोएपई,पोप
कारखेले,करखेले
बहुल्य,बाहुल्य
अस्वभविक,अस्वभाविक
कठनाएं,कठनाईयों
रामजीलाल,रामजीलाल
वसुलता,वसूलता
मुख्यमंत्री,मुख्यमंत्री
मारिया,मारिया
सतमेव,सत्मेव
बकसा,बक्सा
उदर,उदर
मैन,मैन
बुद्धीजीवों,बुद्धिजीवों
सुदीप,सुदीप
जोडो,जोड़ो
तसदीक,तसदीक
निकालनी,निकालनी
भटकाना,भटकाना
हरना,हारना
दिल्लों,डिल्लों
रिजिस्टर्ड,रजिस्टर्ड
भंडारा,भंडारा
लानीय,ललानिया
लिमा,लिमा
लालकृष्ण,लालकृष्ण
रत्नभूषण,रत्नाभूषण
स्परीवर,सपरिवार
सा,साह
समेट्टी,समेटती
पायरिया,पाइरिया
मामालोंमें,मामलोंमें
ब्रात,बरात
वैसन,वैइसन
विल्ला,विला
लिंडा,लिंडा
खरीया,खरिया
चेल्लानी,चेलानी
इलेक्ट्रोनिक्स,इलेक्ट्रॉनिक्स
ऋशिराज,ऋषिराज
उदाईपुर,उदयपुर
पागला,पगला
रितुकांत,ऋतुकांत
कुर्मी,कुर्मी
दस्ताना,दस्ताना
एमरलैल्ड,एमरल्ड
घुमाए,घुमाई
उपद्रवियों,उपद्रवियों
ओकलहहोमा,ओक्लाहोमा
धर्मराजने,धर्मराजने
झाओही,झाओहुई
उप्पीडन,उप्पीड़न
ख़मिक,खेमिक
तुगलकी,तुगलकी
दुअर,दोआर
एवी,अवि
जड़ेट,जड़ित
तैबू,टैबू
प्रोग्रामर्र,प्रोग्रामर्स
टेलर्सविले,टेलर्सविले
चद्रों,चादरों
रेसर,रेसर
भका,भका
अंधभभक्तो,अंधभक्तो
ओब्रायन,ओब्रायन
क्रुट्या,कृत्या
पीरन,पीरान
नजरियों,नजरियों
मायूर,मयूर
चौधावन,चौदहवां
स्वर्गड़ूत,स्वर्गदूत
फेका,फेका
इनडेपेंडेट,इंडिपेन्डेट
टिंका,टिंका
गुर्डों,गुर्दों
जातियों,जातियों
सांनवयक,समन्वयक
सुबे,सूबे
चंदाना,चंदन
प्रार्भािकता,प्रारंभिकता
ट्आरएपी,ट्रैप
उदंत,उदंत
डायनैमेटिक,डायनामेटिक
विद्युतीकृत,विद्युतीकृत
लानिया,ललानिया
वड़रा,वदरा
वेद,वेड
फड़फाडें,फड़फड़ाएं
ट्रेडेड,ट्रेडेड
अखुआपाड़ा,अखुआपाड़ा
सरहा,सराहा
विज्ञानवादियों,विज्ञानवादियों
कमज़ोर,कमज़ोर
याइंगस्टोन,यंगस्टाउन
आर्यम,आर्यम्
पटकथाएँ,पटकथाएं
बाजपाई,बाजपेयी
जसेी,जस्सी
नौ,नाऊ
एवव,एवव
लगतार,लागातार
सुमन,सुमन
पदनी,पड़नी
मिंडट्री,माइंडट्री
डिस्ट्रीब्युटरी,ड्रिस्ट्रीब्यूट्री
जनकरों,जानकारों
शंकाचाराच्या,शंकचराचार्य
ओफॉशोर,ऑफशोर
दुखों,दुखों
नेस्को,नेस्को
फूलती,फूलती
टूल्स,टूल्स
वर्गर,वर्गर
डुमघों्टु,दमघोंटू
विडियोह,वीडियोः
राजमन,राजमां
आत्मागुद्ध,आत्ममुग्ध
रॉकफोर्ड,रॉकफोर्ड
मितरा,मित्रा
देवनार,देवनार
ओसीई,ओकोई
उत्तरिया,उत्तरिया
कैनाविज,कैनविज
गैलेक्सन,गैलेक्सियों
जीवनीय,जीवनियां
हकीकत,हकीकत
एलिमिनेटर,एलिमिनेटर
अगुस्टीन,अगस्टाइन
कर,कर
बिटाने,बीताने
दफ्तरवाले,दफ्तरवाले
बैराध,बैराढ
कंबलों,कंबलों
ज्वार,ज्वार
फटामा,फातमा
वाइव्स,विवेस
डीवीटी,डीडब्ल्यूटी
धातूं,धातुएं
सियाहा,सियाह
पिटने,पीटने
बिच्चों,बिच्चों
जीता,जिता
सेवाला,सेवाला
बटौर,बताैर
आदित्य,आदित्या
क्षेत्रें,क्षेत्रें
अंकेनी,एंकेनी
छेटेर,छेत्र
मुकरते,मुकरते
एंठे,ऐंठे
बाल्टी,बाल्टी
खंगाली,खंगाली
बीयसीज़,बीएसएसएस
बंजजसम,ब्ंजजसम
पुष्पित,पुष्पित
लिनमार्गा,लिंमर्ग
पेरेड्डी,पेरेड्डी
बोदरा,बोदरा
फोकस,फ़ोकस
दूटाय,दूताय
श्रीलिएर्स,श्रीलेदर्स
महंक्मादान,महंकमदान
घुँसा,घूंसा
काव्यविधाओं,काव्यविधाओं
क्षत्रियादि,क्षत्रियादि
जांकारों,जानकारों
रखना,रखना
रिष्तेदारो,रिश्तेदारो
श्रवणी,श्रावणी
कुबुददीन,कुबुद्दीन
जेवलर्स,ज्वेलर्स
मेहमन,मेहमान
रोजलिन,रोजलिन
जयकरा,जयकारा
चबुत्रे,चबूतरे
हरदील,हरदिल
ट्रक,ट्रक
न्यूरोवेस्कूलर,न्यूरोवेस्कुलर
खेलाने,खेलाने
स्ट्रेशन,स्ट्रेशन
लक्षयतीर्थ,लक्ष्यतीर्थ
नेशन,नेशंस
पाठशालाएँ,पाठशालाएं
निवेदनः,निवेदनः
लिडारों,लीडरों
ताला,टेनला
सेवकों,सेवकों
पूर्वेपेक्षाओं,पूर्वापेक्षाओं
मानी,मणि
सोमवार,साेमवार
प्रन्न,प्राण
अवेग्यानिक,अवैज्ञानिक
अविएशन,ऐवीऐशन
ब्रॉन,ब्राउन
नाकाम,नाकाम
अधिवास,अधिवास
जंजग्रन,जनजागरण
राजनंदगांव,राजनंदगांव
लैरी,लैरी
भालू,भाालू
तरीको,तरीको
चिकोपी,चिकोपी
रिफ्रैक्रीज़,रिफ्रेक्टरीज़
बारामद,बरामद
कव,काव
एमरलैड,एमरल्ड
विवेकाधीन,विवेकाधीन
फड़फाएं,फड़फड़ाएं
कालाना,कायलाना
पेन्ट्स,पेंट्स
पिट्टसस्ुर्घ,पिट्सबर्ग
होखत,होखत
चौरसीय,चौरसिया
सचचीदन्द,सच्चिदानंद
सेडे,सीड
चरों,चारों
रिजवी,रिज़वी
क्ले,क्ले
डानपती,दंपति
दूर्गढ़,दूर्गध
देवापुर,देवापुर
मनवाया,मनवाया
लटककर,लटककर
मेहमान,मेहमान
निया,निया
उधमपुर,उधमपुर
अताहर,अतहर
छुपता,छुपता
टुंगनाथ,तुंगनाथ
रघुपति,रघुपति
प्रकंध,प्रकाण्ड़
चंंजेड,चेंज्ड
गंगटोक,गंगटोक
क्रिकेट,क्रिकेट
फ्रेन्सिक्को,फ्रांसिस्को
भागने,भगाने
आडंगा,अड़ंगा
फिक्सिंह,फिक्सिंगः
कामौ,कमाऊ
टिकोने,तिकोने
पीएम,पैम
तारिकों,तरीक़ों
आगमन,आगमन
किडवाई,किदवई
आश्रितों,आश्रितों
राघवन,राघवन
जनेधारी,जनेऊधारी
डावेंपोर्ट,डेवनपोर्ट
प्रेरनापुरी,प्रेरणापुरी
महासिंह,महासिंह
लोरदा,लोरदा
इन्ट्रोडक्शन,इंट्रोडक्शन
स्वभावः,स्वभावतः
गृष्मोत्सव,ग्रीष्मोत्सव
तलाशेगा,तलाशेगा
सहरसा,सहरसा
मेके,मैके
मोशे,मोशे
ग्रंथियां,ग्रंथियां
लोहाती,लोहाती
अलिएनस,अलायंस
तगडे,तगड़े
चिंके,छींके
सीवान,सिवान
थाकी,थकी
लेटाकर,लेटकर
हिकारिको,हिकारिको
टाइरस,टायर्स
न्रुत्यों,नृत्यों
डिरफील्ड,डियरफील्ड
चरित,चरित
बेथलेह,बैथलहम
फाइनोटेक्स,फिनोटेक्स
असही,असाही
पेहन,पहन
धन््याम,धनश्याम
फारेनसिस,फारेंसिस
लहना,लहना
द्वारिकेश,द्वारिकेश
दुबाना,डुबाना
करबोरियों,काराबोरियों
गोलामीरी,गोलमुरी
राखनऊ,राखणौ
विपनक,विपणक
पूंचांग,पंचांग
ब्रेड,ब्रीद
गुल्रवाला,गुल्लरवाला
एवीपी,एडब्ल्यूपी
बजी,बाज़ी
हरपाल,हरपाल
प्रेमेश्वर,प्रेमेश्वर
प्रिप्ट,प्राप्त
नकसलवाड़,नक्सलवाद
कंठार,कंठहार
ओक्साइड,ऑक्साइड
खैरती,खैराती
देशके,देशके
सुनसीर,सुनासीर
अफासरों,अफसराें
सेहो,सेहो
चबटे,चबाते
मिती,मिति
बेलचा,बेलचा
सफलता,सफ़लता
श्बाना,शबाना
खातूतूला,खातूटोला
शिवस्तवा,शिवास्तव
प्रेरनपुरी,प्रेरणापुरी